Sequence name,Lineage,Conflict,Ambiguity score,Scorpio call,Scorpio support,Scorpio conflict,Note,pangolin version,pangoLEARN version
hCoV-19/USA/FL-TGH-0653/2021|EPI_ISL_2754204|2021-04-16,B.1.621,0.0,1.0,B.1.621-like,1.000000,0.000000,scorpio call: Alt alleles 27; Ref alleles 0; Amb alleles 0; Oth alleles 0,v3.1.11,2021-08-09
hCoV-19/USA/FL-TGH-0615/2021|EPI_ISL_2756522|2021-04-30,B.1.621,0.0,1.0,B.1.621-like,1.000000,0.000000,scorpio call: Alt alleles 27; Ref alleles 0; Amb alleles 0; Oth alleles 0,v3.1.11,2021-08-09
hCoV-19/USA/FL-Curative-057351/2021|EPI_ISL_2783520|2021-05-15,B.1.621.1,0.0,0.9365645046329294,B.1.621-like,0.963000,0.037000,scorpio call: Alt alleles 26; Ref alleles 1; Amb alleles 0; Oth alleles 0,v3.1.11,2021-08-09
hCoV-19/USA/FL-Curative-001986/2021|EPI_ISL_2783556|2021-05-18,B.1.621,0.0,0.937027508410845,B.1.621-like,0.963000,0.000000,scorpio call: Alt alleles 26; Ref alleles 0; Amb alleles 0; Oth alleles 1,v3.1.11,2021-08-09
hCoV-19/USA/FL-Curative-038166/2021|EPI_ISL_2783562|2021-05-20,B.1.621.1,0.0,0.8583574222071076,B.1.621-like,0.888900,0.037000,scorpio call: Alt alleles 24; Ref alleles 1; Amb alleles 2; Oth alleles 0,v3.1.11,2021-08-09
hCoV-19/USA/FL-Curative-033665/2021|EPI_ISL_2783573|2021-05-20,B.1.621,0.0,0.8813262798350481,B.1.621-like,0.963000,0.037000,scorpio call: Alt alleles 26; Ref alleles 1; Amb alleles 0; Oth alleles 0,v3.1.11,2021-08-09
hCoV-19/USA/FL-Curative-087254/2021|EPI_ISL_2783575|2021-05-20,B.1.621,0.0,0.9040156709108716,B.1.621-like,0.963000,0.037000,scorpio call: Alt alleles 26; Ref alleles 1; Amb alleles 0; Oth alleles 0,v3.1.11,2021-08-09
hCoV-19/USA/FL-Curative-009333/2021|EPI_ISL_2783626|2021-05-19,B.1.621,0.0,0.8079364374805806,B.1.621-like,0.888900,0.037000,scorpio call: Alt alleles 24; Ref alleles 1; Amb alleles 2; Oth alleles 0,v3.1.11,2021-08-09
hCoV-19/USA/FL-Curative-036634/2021|EPI_ISL_2783634|2021-05-20,B.1.621,0.0,0.9332697807435653,B.1.621-like,0.963000,0.000000,scorpio call: Alt alleles 26; Ref alleles 0; Amb alleles 0; Oth alleles 1,v3.1.11,2021-08-09
hCoV-19/USA/FL-Curative-053312/2021|EPI_ISL_2783638|2021-05-20,B.1.621.1,0.0,0.825915887033313,B.1.621-like,0.888900,0.037000,scorpio call: Alt alleles 24; Ref alleles 1; Amb alleles 2; Oth alleles 0,v3.1.11,2021-08-09
hCoV-19/USA/FL-Curative-071125/2021|EPI_ISL_2783665|2021-05-13,B.1.621,0.0,0.953064088570092,B.1.621-like,0.963000,0.000000,scorpio call: Alt alleles 26; Ref alleles 0; Amb alleles 0; Oth alleles 1,v3.1.11,2021-08-09
hCoV-19/USA/FL-Curative-073473/2021|EPI_ISL_2783683|2021-05-15,B.1.621,0.0,0.8240136620396725,B.1.621-like,0.777800,0.074100,scorpio call: Alt alleles 21; Ref alleles 2; Amb alleles 4; Oth alleles 0,v3.1.11,2021-08-09
hCoV-19/USA/FL-Curative-027896/2021|EPI_ISL_2783702|2021-05-17,B.1.621,0.0,0.9354263289332858,B.1.621-like,0.963000,0.000000,scorpio call: Alt alleles 26; Ref alleles 0; Amb alleles 0; Oth alleles 1,v3.1.11,2021-08-09
hCoV-19/USA/FL-Curative-009545/2021|EPI_ISL_2783725|2021-05-20,B.1.621,0.0,0.8697445393712386,B.1.621-like,0.851900,0.037000,scorpio call: Alt alleles 23; Ref alleles 1; Amb alleles 3; Oth alleles 0,v3.1.11,2021-08-09
hCoV-19/USA/FL-Curative-018264/2021|EPI_ISL_2783747|2021-05-17,B.1.621,0.0,0.9583834309428694,B.1.621-like,0.888900,0.037000,scorpio call: Alt alleles 24; Ref alleles 1; Amb alleles 1; Oth alleles 1,v3.1.11,2021-08-09
hCoV-19/USA/FL-Curative-052497/2021|EPI_ISL_2783749|2021-05-17,B.1.621,0.0,0.7879225526921515,B.1.621-like,0.703700,0.111100,scorpio call: Alt alleles 19; Ref alleles 3; Amb alleles 5; Oth alleles 0,v3.1.11,2021-08-09
hCoV-19/USA/FL-Curative-030576/2021|EPI_ISL_2783777|2021-05-19,B.1.621.1,0.0,0.8369998267798372,B.1.621-like,0.851900,0.037000,scorpio call: Alt alleles 23; Ref alleles 1; Amb alleles 3; Oth alleles 0,v3.1.11,2021-08-09
hCoV-19/USA/FL-Curative-077628/2021|EPI_ISL_2783806|2021-05-15,B.1.621,0.0,0.8800667222685571,B.1.621-like,0.888900,0.074100,scorpio call: Alt alleles 24; Ref alleles 2; Amb alleles 1; Oth alleles 0,v3.1.11,2021-08-09
hCoV-19/USA/FL-Curative-043340/2021|EPI_ISL_2783818|2021-05-16,B.1.621.1,0.0,0.9781210760625547,B.1.621-like,0.963000,0.000000,scorpio call: Alt alleles 26; Ref alleles 0; Amb alleles 0; Oth alleles 1,v3.1.11,2021-08-09
hCoV-19/USA/FL-Curative-019274/2021|EPI_ISL_2783840|2021-05-17,B.1.621.1,0.0,0.93449712358659,B.1.621-like,0.963000,0.037000,scorpio call: Alt alleles 26; Ref alleles 1; Amb alleles 0; Oth alleles 0,v3.1.11,2021-08-09
hCoV-19/USA/FL-Curative-000811/2021|EPI_ISL_2783858|2021-05-19,B.1.621.1,0.0,0.8964043558660366,B.1.621-like,0.963000,0.037000,scorpio call: Alt alleles 26; Ref alleles 1; Amb alleles 0; Oth alleles 0,v3.1.11,2021-08-09
hCoV-19/USA/FL-Curative-055344/2021|EPI_ISL_2783865|2021-05-19,B.1.621,0.0,0.7207164292859525,B.1.621-like,0.703700,0.074100,scorpio call: Alt alleles 19; Ref alleles 2; Amb alleles 6; Oth alleles 0,v3.1.11,2021-08-09
hCoV-19/USA/FL-Curative-085033/2021|EPI_ISL_2783871|2021-05-19,B.1.621.1,0.0,0.8273513230285565,B.1.621-like,0.963000,0.037000,scorpio call: Alt alleles 26; Ref alleles 1; Amb alleles 0; Oth alleles 0,v3.1.11,2021-08-09
hCoV-19/USA/FL-Curative-092883/2021|EPI_ISL_2783910|2021-05-16,B.1.621,0.0,0.8879503105590062,B.1.621-like,0.851900,0.074100,scorpio call: Alt alleles 23; Ref alleles 2; Amb alleles 2; Oth alleles 0,v3.1.11,2021-08-09
hCoV-19/USA/FL-Curative-063230/2021|EPI_ISL_2783951|2021-05-18,B.1.621,0.0,0.9713103765273682,B.1.621-like,0.963000,0.000000,scorpio call: Alt alleles 26; Ref alleles 0; Amb alleles 0; Oth alleles 1,v3.1.11,2021-08-09
hCoV-19/USA/FL-Curative-026653/2021|EPI_ISL_2784027|2021-05-18,B.1.621,0.0,0.912139992708713,B.1.621-like,0.925900,0.074100,scorpio call: Alt alleles 25; Ref alleles 2; Amb alleles 0; Oth alleles 0,v3.1.11,2021-08-09
hCoV-19/USA/FL-Curative-019477/2021|EPI_ISL_2784039|2021-05-19,B.1.621.1,0.0,0.9765243902439025,B.1.621-like,0.963000,0.037000,scorpio call: Alt alleles 26; Ref alleles 1; Amb alleles 0; Oth alleles 0,v3.1.11,2021-08-09
hCoV-19/USA/FL-Curative-019151/2021|EPI_ISL_2784059|2021-05-15,B.1.621,0.0,0.9983589437565269,B.1.621-like,0.963000,0.000000,scorpio call: Alt alleles 26; Ref alleles 0; Amb alleles 0; Oth alleles 1,v3.1.11,2021-08-09
hCoV-19/USA/FL-Curative-049933/2021|EPI_ISL_2784086|2021-05-19,B.1.621,0.0,0.8674089068825911,B.1.621-like,0.851900,0.074100,scorpio call: Alt alleles 23; Ref alleles 2; Amb alleles 2; Oth alleles 0,v3.1.11,2021-08-09
hCoV-19/USA/FL-Curative-006499/2021|EPI_ISL_2784091|2021-05-29,B.1.621,0.0,0.9466169837222985,B.1.621-like,0.925900,0.037000,scorpio call: Alt alleles 25; Ref alleles 1; Amb alleles 1; Oth alleles 0,v3.1.11,2021-08-09
hCoV-19/USA/FL-Curative-034944/2021|EPI_ISL_2784092|2021-05-29,B.1.621,0.0,0.9554665318346233,B.1.621-like,0.925900,0.037000,scorpio call: Alt alleles 25; Ref alleles 1; Amb alleles 1; Oth alleles 0,v3.1.11,2021-08-09
hCoV-19/USA/FL-Curative-038845/2021|EPI_ISL_2784097|2021-05-30,B.1.621,0.0,0.8526999316473001,B.1.621-like,0.851900,0.074100,scorpio call: Alt alleles 23; Ref alleles 2; Amb alleles 2; Oth alleles 0,v3.1.11,2021-08-09
hCoV-19/USA/FL-Curative-058534/2021|EPI_ISL_2784098|2021-05-30,B.1.621.1,0.0,0.777550184350676,B.1.621-like,0.777800,0.037000,scorpio call: Alt alleles 21; Ref alleles 1; Amb alleles 5; Oth alleles 0,v3.1.11,2021-08-09
hCoV-19/USA/FL-Curative-034387/2021|EPI_ISL_2784100|2021-05-30,B.1.621,0.0,0.8124170867604139,B.1.621-like,0.740700,0.111100,scorpio call: Alt alleles 20; Ref alleles 3; Amb alleles 4; Oth alleles 0,v3.1.11,2021-08-09
hCoV-19/USA/FL-Curative-027246/2021|EPI_ISL_2784104|2021-05-31,B.1.621,0.0,0.973316002752504,B.1.621-like,0.925900,0.000000,scorpio call: Alt alleles 25; Ref alleles 0; Amb alleles 1; Oth alleles 1,v3.1.11,2021-08-09
hCoV-19/USA/FL-Curative-091557/2021|EPI_ISL_2784107|2021-05-31,B.1.621,0.0,0.9580601357904946,B.1.621-like,0.925900,0.000000,scorpio call: Alt alleles 25; Ref alleles 0; Amb alleles 1; Oth alleles 1,v3.1.11,2021-08-09
hCoV-19/USA/FL-Curative-084427/2021|EPI_ISL_2784132|2021-06-03,B.1.621,0.0,0.9608821822402785,B.1.621-like,0.925900,0.000000,scorpio call: Alt alleles 25; Ref alleles 0; Amb alleles 1; Oth alleles 1,v3.1.11,2021-08-09
hCoV-19/USA/FL-Curative-080517/2021|EPI_ISL_2784135|2021-06-04,B.1.621,0.0,0.956278419027632,B.1.621-like,0.925900,0.037000,scorpio call: Alt alleles 25; Ref alleles 1; Amb alleles 1; Oth alleles 0,v3.1.11,2021-08-09
hCoV-19/USA/FL-Curative-091406/2021|EPI_ISL_2784136|2021-06-04,B.1.621,0.0,0.8512767868600026,B.1.621-like,0.814800,0.074100,scorpio call: Alt alleles 22; Ref alleles 2; Amb alleles 3; Oth alleles 0,v3.1.11,2021-08-09
hCoV-19/USA/FL-Curative-050967/2021|EPI_ISL_2784144|2021-05-30,B.1.621,0.0,0.7974745891729728,B.1.621-like,0.777800,0.074100,scorpio call: Alt alleles 21; Ref alleles 2; Amb alleles 4; Oth alleles 0,v3.1.11,2021-08-09
hCoV-19/USA/FL-Curative-068015/2021|EPI_ISL_2784166|2021-06-02,B.1.621,0.0,0.8836513280957725,B.1.621-like,0.925900,0.037000,scorpio call: Alt alleles 25; Ref alleles 1; Amb alleles 1; Oth alleles 0,v3.1.11,2021-08-09
hCoV-19/USA/FL-Curative-072771/2021|EPI_ISL_2784167|2021-06-02,B.1.621,0.0,0.9585450032962345,B.1.621-like,0.963000,0.037000,scorpio call: Alt alleles 26; Ref alleles 1; Amb alleles 0; Oth alleles 0,v3.1.11,2021-08-09
hCoV-19/USA/FL-Curative-053138/2021|EPI_ISL_2784175|2021-06-03,B.1.621,0.0,0.9652462048239192,B.1.621-like,0.963000,0.037000,scorpio call: Alt alleles 26; Ref alleles 1; Amb alleles 0; Oth alleles 0,v3.1.11,2021-08-09
hCoV-19/USA/FL-Curative-010319/2021|EPI_ISL_2784197|2021-06-06,B.1.621,0.0,0.762054024154144,B.1.621-like,0.777800,0.074100,scorpio call: Alt alleles 21; Ref alleles 2; Amb alleles 4; Oth alleles 0,v3.1.11,2021-08-09
hCoV-19/USA/FL-Curative-068264/2021|EPI_ISL_2784198|2021-06-06,B.1.621,0.0,0.9362275211914759,B.1.621-like,0.925900,0.074100,scorpio call: Alt alleles 25; Ref alleles 2; Amb alleles 0; Oth alleles 0,v3.1.11,2021-08-09
hCoV-19/USA/FL-TGH-0687/2021|EPI_ISL_2833698|2021-05-08,B.1.621,0.0,1.0,B.1.621-like,1.000000,0.000000,scorpio call: Alt alleles 27; Ref alleles 0; Amb alleles 0; Oth alleles 0,v3.1.11,2021-08-09
hCoV-19/USA/FL-TGH-0689/2021|EPI_ISL_2833699|2021-05-09,B.1.621,0.0,1.0,B.1.621-like,1.000000,0.000000,scorpio call: Alt alleles 27; Ref alleles 0; Amb alleles 0; Oth alleles 0,v3.1.11,2021-08-09
hCoV-19/USA/FL-TGH-0756/2021|EPI_ISL_2833700|2021-06-22,B.1.621,0.0,1.0,B.1.621-like,1.000000,0.000000,scorpio call: Alt alleles 27; Ref alleles 0; Amb alleles 0; Oth alleles 0,v3.1.11,2021-08-09
hCoV-19/USA/FL-TGH-0760/2021|EPI_ISL_2833701|2021-06-09,B.1.621,0.0,1.0,B.1.621-like,1.000000,0.000000,scorpio call: Alt alleles 27; Ref alleles 0; Amb alleles 0; Oth alleles 0,v3.1.11,2021-08-09
hCoV-19/USA/FL-TGH-0762/2021|EPI_ISL_2833702|2021-06-22,B.1.621,0.0,1.0,B.1.621-like,1.000000,0.000000,scorpio call: Alt alleles 27; Ref alleles 0; Amb alleles 0; Oth alleles 0,v3.1.11,2021-08-09
hCoV-19/USA/FL-TGH-0768/2021|EPI_ISL_2833703|2021-06-21,B.1.621,0.0,1.0,B.1.621-like,1.000000,0.000000,scorpio call: Alt alleles 27; Ref alleles 0; Amb alleles 0; Oth alleles 0,v3.1.11,2021-08-09
hCoV-19/USA/FL-TGH-0771/2021|EPI_ISL_2833704|2021-06-17,B.1.621,0.0,1.0,B.1.621-like,1.000000,0.000000,scorpio call: Alt alleles 27; Ref alleles 0; Amb alleles 0; Oth alleles 0,v3.1.11,2021-08-09
hCoV-19/USA/FL-TGH-0784/2021|EPI_ISL_2833705|2021-06-13,B.1.621,0.0,1.0,B.1.621-like,1.000000,0.000000,scorpio call: Alt alleles 27; Ref alleles 0; Amb alleles 0; Oth alleles 0,v3.1.11,2021-08-09
hCoV-19/USA/FL-TGH-0818/2021|EPI_ISL_2833914|2021-06-25,B.1.621,0.0,1.0,B.1.621-like,0.963000,0.037000,scorpio call: Alt alleles 26; Ref alleles 1; Amb alleles 0; Oth alleles 0,v3.1.11,2021-08-09
hCoV-19/USA/FL-Curative-055219/2021|EPI_ISL_2839847|2021-06-06,B.1.621,0.0,0.9800615244388743,B.1.621-like,0.925900,0.000000,scorpio call: Alt alleles 25; Ref alleles 0; Amb alleles 1; Oth alleles 1,v3.1.11,2021-08-09
hCoV-19/USA/FL-Curative-055455/2021|EPI_ISL_2839848|2021-06-08,B.1.621,0.0,0.8311790050920486,B.1.621-like,0.740700,0.037000,scorpio call: Alt alleles 20; Ref alleles 1; Amb alleles 5; Oth alleles 1,v3.1.11,2021-08-09
hCoV-19/USA/FL-Curative-060116/2021|EPI_ISL_2839855|2021-06-16,B.1.621,0.0,0.8180097706967123,B.1.621-like,0.814800,0.074100,scorpio call: Alt alleles 22; Ref alleles 2; Amb alleles 3; Oth alleles 0,v3.1.11,2021-08-09
hCoV-19/USA/FL-Curative-088038/2021|EPI_ISL_2839926|2021-06-13,B.1.621,0.0,0.7761574917973022,B.1.621-like,0.740700,0.074100,scorpio call: Alt alleles 20; Ref alleles 2; Amb alleles 5; Oth alleles 0,v3.1.11,2021-08-09
hCoV-19/USA/FL-BPHL-5004/2021|EPI_ISL_2860417|2021-05-19,B.1.621,0.0,1.0,B.1.621-like,1.000000,0.000000,scorpio call: Alt alleles 27; Ref alleles 0; Amb alleles 0; Oth alleles 0,v3.1.11,2021-08-09
hCoV-19/USA/FL-BPHL-5014/2021|EPI_ISL_2860419|2021-06-06,B.1.621,0.0,0.9988443616029823,B.1.621-like,1.000000,0.000000,scorpio call: Alt alleles 27; Ref alleles 0; Amb alleles 0; Oth alleles 0,v3.1.11,2021-08-09
hCoV-19/USA/FL-BPHL-5024/2021|EPI_ISL_2860421|2021-06-13,B.1.621,0.0,1.0,B.1.621-like,1.000000,0.000000,scorpio call: Alt alleles 27; Ref alleles 0; Amb alleles 0; Oth alleles 0,v3.1.11,2021-08-09
hCoV-19/USA/FL-TGH-0844/2021|EPI_ISL_2930451|2021-05-28,B.1.621,0.0,1.0,B.1.621-like,1.000000,0.000000,scorpio call: Alt alleles 27; Ref alleles 0; Amb alleles 0; Oth alleles 0,v3.1.11,2021-08-09
hCoV-19/USA/FL-Curative-053917/2021|EPI_ISL_2941850|2021-06-17,B.1.621,0.0,0.7589648798521257,B.1.621-like,0.777800,0.000000,scorpio call: Alt alleles 21; Ref alleles 0; Amb alleles 5; Oth alleles 1,v3.1.11,2021-08-09
hCoV-19/USA/FL-Curative-007977/2021|EPI_ISL_2941872|2021-06-18,B.1.621,0.0,0.9419273500906153,B.1.621-like,0.888900,0.037000,scorpio call: Alt alleles 24; Ref alleles 1; Amb alleles 1; Oth alleles 1,v3.1.11,2021-08-09
hCoV-19/USA/FL-Curative-024777/2021|EPI_ISL_2941875|2021-06-18,B.1.621,0.0,0.8372012469691721,B.1.621-like,0.777800,0.074100,scorpio call: Alt alleles 21; Ref alleles 2; Amb alleles 4; Oth alleles 0,v3.1.11,2021-08-09
hCoV-19/USA/FL-Shands-VTM-1545/2020|EPI_ISL_2990629|2020-12,B.1.621.1,0.0,0.9964500579201077,B.1.621-like,0.963000,0.037000,scorpio call: Alt alleles 26; Ref alleles 1; Amb alleles 0; Oth alleles 0,v3.1.11,2021-08-09
hCoV-19/USA/FL-Shands-VTM-1702/2021|EPI_ISL_2990694|2021-05,B.1.621.1,0.0,1.0,B.1.621-like,1.000000,0.000000,scorpio call: Alt alleles 27; Ref alleles 0; Amb alleles 0; Oth alleles 0,v3.1.11,2021-08-09
hCoV-19/USA/FL-Shands-VTM-1737/2021|EPI_ISL_2990743|2021-05,B.1.621.1,0.0,1.0,B.1.621-like,1.000000,0.000000,scorpio call: Alt alleles 27; Ref alleles 0; Amb alleles 0; Oth alleles 0,v3.1.11,2021-08-09
hCoV-19/USA/FL-Shands-VTM-1759/2021|EPI_ISL_2990758|2021-05,B.1.621.1,0.0,1.0,B.1.621-like,1.000000,0.000000,scorpio call: Alt alleles 27; Ref alleles 0; Amb alleles 0; Oth alleles 0,v3.1.11,2021-08-09
hCoV-19/USA/FL-Path-Saliva-1173/2021|EPI_ISL_2991448|2021-03,B.1.621,0.0,0.9581409783915894,B.1.621-like,0.963000,0.037000,scorpio call: Alt alleles 26; Ref alleles 1; Amb alleles 0; Oth alleles 0,v3.1.11,2021-08-09
hCoV-19/USA/FL-IVY-ZZX9LBNV/2021|EPI_ISL_3014406|2021-06-07,B.1.621,0.0,0.9915890657855212,B.1.621-like,1.000000,0.000000,scorpio call: Alt alleles 27; Ref alleles 0; Amb alleles 0; Oth alleles 0,v3.1.11,2021-08-09
hCoV-19/USA/FL-VSP2404/2021|EPI_ISL_3022799|2021-04-14,B.1.621,0.0,1.0,B.1.621-like,1.000000,0.000000,scorpio call: Alt alleles 27; Ref alleles 0; Amb alleles 0; Oth alleles 0,v3.1.11,2021-08-09
hCoV-19/USA/FL-TGH-1043/2021|EPI_ISL_3061535|2021-07-15,B.1.621,0.0,1.0,B.1.621-like,1.000000,0.000000,scorpio call: Alt alleles 27; Ref alleles 0; Amb alleles 0; Oth alleles 0,v3.1.11,2021-08-09
hCoV-19/USA/FL-CDC-LC0093761/2021|EPI_ISL_3111625|2021-07-07,B.1.621,0.0,0.9940819537043973,B.1.621-like,1.000000,0.000000,scorpio call: Alt alleles 27; Ref alleles 0; Amb alleles 0; Oth alleles 0,v3.1.11,2021-08-09
hCoV-19/USA/FL-TGH-1147/2021|EPI_ISL_3138962|2021-07-25,B.1.621,0.0,1.0,B.1.621-like,1.000000,0.000000,scorpio call: Alt alleles 27; Ref alleles 0; Amb alleles 0; Oth alleles 0,v3.1.11,2021-08-09
hCoV-19/USA/FL-NCH_SC2_S35/2021|EPI_ISL_3231370|2021-07-15,B.1.621,0.0,0.8963590038629079,B.1.621-like,0.814800,0.111100,scorpio call: Alt alleles 22; Ref alleles 3; Amb alleles 2; Oth alleles 0; scorpio replaced lineage assignment B.1,v3.1.11,2021-08-09
hCoV-19/USA/FL-Curative-077085/2021|EPI_ISL_3273267|2021-07-09,B.1.621,0.0,0.9812609058493286,B.1.621-like,0.963000,0.000000,scorpio call: Alt alleles 26; Ref alleles 0; Amb alleles 0; Oth alleles 1,v3.1.11,2021-08-09
hCoV-19/USA/FL-Curative-030167/2021|EPI_ISL_3273278|2021-07-09,B.1.621,0.0,0.9798678112892197,B.1.621-like,0.963000,0.037000,scorpio call: Alt alleles 26; Ref alleles 1; Amb alleles 0; Oth alleles 0,v3.1.11,2021-08-09
hCoV-19/USA/FL-Curative-099934/2021|EPI_ISL_3273296|2021-07-09,B.1.621,0.0,0.9831509598273447,B.1.621-like,0.963000,0.000000,scorpio call: Alt alleles 26; Ref alleles 0; Amb alleles 0; Oth alleles 1,v3.1.11,2021-08-09
hCoV-19/USA/FL-CDC-QDX26343938/2021|EPI_ISL_3305001|2021-06-27,B.1.621,0.0,1.0,B.1.621-like,1.000000,0.000000,scorpio call: Alt alleles 27; Ref alleles 0; Amb alleles 0; Oth alleles 0,v3.1.11,2021-08-09
hCoV-19/USA/FL-CDC-QDX26344113/2021|EPI_ISL_3305017|2021-06-27,B.1.621,0.0,1.0,B.1.621-like,1.000000,0.000000,scorpio call: Alt alleles 27; Ref alleles 0; Amb alleles 0; Oth alleles 0,v3.1.11,2021-08-09
hCoV-19/USA/FL-CDC-QDX26343881/2021|EPI_ISL_3305035|2021-06-26,B.1.621,0.0,1.0,B.1.621-like,1.000000,0.000000,scorpio call: Alt alleles 27; Ref alleles 0; Amb alleles 0; Oth alleles 0,v3.1.11,2021-08-09
hCoV-19/USA/FL-CDC-QDX26344120/2021|EPI_ISL_3305047|2021-06-27,B.1.621,0.0,0.9890457368718238,B.1.621-like,1.000000,0.000000,scorpio call: Alt alleles 27; Ref alleles 0; Amb alleles 0; Oth alleles 0,v3.1.11,2021-08-09
hCoV-19/USA/FL-CDC-QDX26344118/2021|EPI_ISL_3305090|2021-06-27,B.1.621,0.0,1.0,B.1.621-like,1.000000,0.000000,scorpio call: Alt alleles 27; Ref alleles 0; Amb alleles 0; Oth alleles 0,v3.1.11,2021-08-09
hCoV-19/USA/FL-CDC-QDX26343887/2021|EPI_ISL_3305110|2021-06-27,B.1.621.1,0.0,0.9967499719825171,B.1.621-like,1.000000,0.000000,scorpio call: Alt alleles 27; Ref alleles 0; Amb alleles 0; Oth alleles 0,v3.1.11,2021-08-09
hCoV-19/USA/FL-CDC-QDX26344125/2021|EPI_ISL_3305128|2021-06-28,B.1.621,0.0,1.0,B.1.621-like,1.000000,0.000000,scorpio call: Alt alleles 27; Ref alleles 0; Amb alleles 0; Oth alleles 0,v3.1.11,2021-08-09
hCoV-19/USA/FL-CDC-QDX26380726/2021|EPI_ISL_3305181|2021-06-28,B.1.621,0.0,1.0,B.1.621-like,1.000000,0.000000,scorpio call: Alt alleles 27; Ref alleles 0; Amb alleles 0; Oth alleles 0,v3.1.11,2021-08-09
hCoV-19/USA/FL-CDC-QDX26380711/2021|EPI_ISL_3305189|2021-06-28,B.1.621,0.0,1.0,B.1.621-like,1.000000,0.000000,scorpio call: Alt alleles 27; Ref alleles 0; Amb alleles 0; Oth alleles 0,v3.1.11,2021-08-09
hCoV-19/USA/FL-CDC-QDX26380718/2021|EPI_ISL_3305194|2021-06-28,B.1.621,0.0,0.9921188921414096,B.1.621-like,1.000000,0.000000,scorpio call: Alt alleles 27; Ref alleles 0; Amb alleles 0; Oth alleles 0,v3.1.11,2021-08-09
hCoV-19/USA/FL-CDC-2-4653463/2021|EPI_ISL_3305760|2021-07-12,B.1.621,0.0,1.0,B.1.621-like,1.000000,0.000000,scorpio call: Alt alleles 27; Ref alleles 0; Amb alleles 0; Oth alleles 0,v3.1.11,2021-08-09
hCoV-19/USA/FL-CDC-2-4653360/2021|EPI_ISL_3305777|2021-07-09,B.1.621,0.0,0.9999627629864085,B.1.621-like,1.000000,0.000000,scorpio call: Alt alleles 27; Ref alleles 0; Amb alleles 0; Oth alleles 0,v3.1.11,2021-08-09
hCoV-19/USA/FL-IVY-ZZX9LBO7/2021|EPI_ISL_3318849|2021-06-09,B.1.621,0.0,1.0,B.1.621-like,1.000000,0.000000,scorpio call: Alt alleles 27; Ref alleles 0; Amb alleles 0; Oth alleles 0,v3.1.11,2021-08-09
hCoV-19/USA/FL-IVY-ZZX9LBPV/2021|EPI_ISL_3318850|2021-06-14,B.1.621,0.0,1.0,B.1.621-like,1.000000,0.000000,scorpio call: Alt alleles 27; Ref alleles 0; Amb alleles 0; Oth alleles 0,v3.1.11,2021-08-09
hCoV-19/USA/FL-IVY-ZZX9LBQ3/2021|EPI_ISL_3318851|2021-06-15,B.1.621,0.0,0.9999627629864085,B.1.621-like,0.963000,0.037000,scorpio call: Alt alleles 26; Ref alleles 1; Amb alleles 0; Oth alleles 0,v3.1.11,2021-08-09
hCoV-19/USA/FL-CDC-2-4523867/2021|EPI_ISL_3355077|2021-05-21,B.1.621.1,0.0,0.990148153718884,B.1.621-like,1.000000,0.000000,scorpio call: Alt alleles 27; Ref alleles 0; Amb alleles 0; Oth alleles 0,v3.1.11,2021-08-09
hCoV-19/USA/FL-CDC-2-4523880/2021|EPI_ISL_3355078|2021-05-29,B.1.621,0.0,0.9994038748137108,B.1.621-like,1.000000,0.000000,scorpio call: Alt alleles 27; Ref alleles 0; Amb alleles 0; Oth alleles 0,v3.1.11,2021-08-09
hCoV-19/USA/FL-CDC-2-4523963/2021|EPI_ISL_3355080|2021-05-28,B.1.621,0.0,0.9995902402682064,B.1.621-like,1.000000,0.000000,scorpio call: Alt alleles 27; Ref alleles 0; Amb alleles 0; Oth alleles 0,v3.1.11,2021-08-09
hCoV-19/USA/FL-CDC-2-4523998/2021|EPI_ISL_3355082|2021-05-28,B.1.621,0.0,0.9994784293271738,B.1.621-like,1.000000,0.000000,scorpio call: Alt alleles 27; Ref alleles 0; Amb alleles 0; Oth alleles 0,v3.1.11,2021-08-09
hCoV-19/USA/FL-CDC-2-4567678/2021|EPI_ISL_3355112|2021-06-14,B.1.621,0.0,0.9999627629864085,B.1.621-like,1.000000,0.000000,scorpio call: Alt alleles 27; Ref alleles 0; Amb alleles 0; Oth alleles 0,v3.1.11,2021-08-09
hCoV-19/USA/FL-CDC-2-4567696/2021|EPI_ISL_3355115|2021-06-15,B.1.621,0.0,1.0,B.1.621-like,1.000000,0.000000,scorpio call: Alt alleles 27; Ref alleles 0; Amb alleles 0; Oth alleles 0,v3.1.11,2021-08-09
hCoV-19/USA/FL-CDC-2-4611785/2021|EPI_ISL_3355392|2021-06-21,B.1.621,0.0,1.0,B.1.621-like,1.000000,0.000000,scorpio call: Alt alleles 27; Ref alleles 0; Amb alleles 0; Oth alleles 0,v3.1.11,2021-08-09
hCoV-19/USA/FL-CDC-QDX27212161/2021|EPI_ISL_3395138|2021-07-25,B.1.621,0.0,1.0,B.1.621-like,1.000000,0.000000,scorpio call: Alt alleles 27; Ref alleles 0; Amb alleles 0; Oth alleles 0,v3.1.11,2021-08-09
hCoV-19/USA/FL-CDC-QDX27127633/2021|EPI_ISL_3396089|2021-07-24,B.1.621,0.0,1.0,B.1.621-like,1.000000,0.000000,scorpio call: Alt alleles 27; Ref alleles 0; Amb alleles 0; Oth alleles 0; scorpio replaced lineage assignment B.1,v3.1.11,2021-08-09
hCoV-19/USA/FL-CDC-QDX27272255/2021|EPI_ISL_3397040|2021-07-25,B.1.621.1,0.0,1.0,B.1.621-like,1.000000,0.000000,scorpio call: Alt alleles 27; Ref alleles 0; Amb alleles 0; Oth alleles 0,v3.1.11,2021-08-09
hCoV-19/USA/FL-CDC-ASC210154931/2021|EPI_ISL_3429950|2021-06-29,B.1.621,0.0,1.0,B.1.621-like,0.925900,0.074100,scorpio call: Alt alleles 25; Ref alleles 2; Amb alleles 0; Oth alleles 0; scorpio replaced lineage assignment B.1,v3.1.11,2021-08-09
hCoV-19/USA/FL-CDC-ASC210154945/2021|EPI_ISL_3429956|2021-06-29,B.1.621,0.0,0.9994411534592601,B.1.621-like,1.000000,0.000000,scorpio call: Alt alleles 27; Ref alleles 0; Amb alleles 0; Oth alleles 0,v3.1.11,2021-08-09
hCoV-19/USA/FL-CDC-ASC210111559/2021|EPI_ISL_3429986|2021-07-07,B.1.621,0.0,1.0,B.1.621-like,1.000000,0.000000,scorpio call: Alt alleles 27; Ref alleles 0; Amb alleles 0; Oth alleles 0,v3.1.11,2021-08-09
hCoV-19/USA/FL-CDC-ASC210111864/2021|EPI_ISL_3429988|2021-07-07,B.1.621.1,0.0,0.9973118279569892,B.1.621-like,0.963000,0.037000,scorpio call: Alt alleles 26; Ref alleles 1; Amb alleles 0; Oth alleles 0,v3.1.11,2021-08-09
hCoV-19/USA/FL-CDC-ASC210112334/2021|EPI_ISL_3429992|2021-07-09,B.1.621,0.0,1.0,B.1.621-like,0.963000,0.000000,scorpio call: Alt alleles 26; Ref alleles 0; Amb alleles 0; Oth alleles 1,v3.1.11,2021-08-09
hCoV-19/USA/FL-CDC-ASC210156981/2021|EPI_ISL_3430016|2021-07-15,B.1.621,0.0,1.0,B.1.621-like,0.963000,0.037000,scorpio call: Alt alleles 26; Ref alleles 1; Amb alleles 0; Oth alleles 0; scorpio replaced lineage assignment B.1,v3.1.11,2021-08-09
hCoV-19/USA/FL-CDC-ASC210157602/2021|EPI_ISL_3430058|2021-07-16,B.1.621,0.0,1.0,B.1.621-like,1.000000,0.000000,scorpio call: Alt alleles 27; Ref alleles 0; Amb alleles 0; Oth alleles 0,v3.1.11,2021-08-09
hCoV-19/USA/FL-CDC-ASC210157012/2021|EPI_ISL_3430079|2021-07-15,B.1.621,0.0,1.0,B.1.621-like,1.000000,0.000000,scorpio call: Alt alleles 27; Ref alleles 0; Amb alleles 0; Oth alleles 0,v3.1.11,2021-08-09
hCoV-19/USA/FL-CDC-ASC210114880/2021|EPI_ISL_3430111|2021-07-12,B.1.621,0.0,0.9650867052023121,B.1.621-like,0.925900,0.074100,scorpio call: Alt alleles 25; Ref alleles 2; Amb alleles 0; Oth alleles 0; scorpio replaced lineage assignment B.1,v3.1.11,2021-08-09
hCoV-19/USA/FL-CDC-ASC210114882/2021|EPI_ISL_3430113|2021-07-12,B.1.621,0.0,0.9823803569398659,B.1.621-like,1.000000,0.000000,scorpio call: Alt alleles 27; Ref alleles 0; Amb alleles 0; Oth alleles 0,v3.1.11,2021-08-09
hCoV-19/USA/FL-CDC-ASC210114899/2021|EPI_ISL_3430117|2021-07-12,B.1.621,0.0,0.9997765363128491,B.1.621-like,0.963000,0.037000,scorpio call: Alt alleles 26; Ref alleles 1; Amb alleles 0; Oth alleles 0,v3.1.11,2021-08-09
hCoV-19/USA/FL-CDC-ASC210114464/2021|EPI_ISL_3430159|2021-07-13,B.1.621,0.0,1.0,B.1.621-like,1.000000,0.000000,scorpio call: Alt alleles 27; Ref alleles 0; Amb alleles 0; Oth alleles 0,v3.1.11,2021-08-09
hCoV-19/USA/FL-CDC-ASC210156756/2021|EPI_ISL_3430174|2021-07-15,B.1.621,0.0,0.9999255231995233,B.1.621-like,1.000000,0.000000,scorpio call: Alt alleles 27; Ref alleles 0; Amb alleles 0; Oth alleles 0,v3.1.11,2021-08-09
hCoV-19/USA/FL-CDC-ASC210156760/2021|EPI_ISL_3430175|2021-07-15,B.1.621,0.0,0.9984336540613112,B.1.621-like,0.925900,0.074100,scorpio call: Alt alleles 25; Ref alleles 2; Amb alleles 0; Oth alleles 0; scorpio replaced lineage assignment B.1,v3.1.11,2021-08-09
hCoV-19/USA/FL-CDC-ASC210156766/2021|EPI_ISL_3430177|2021-07-15,B.1.621.1,0.0,0.9994411534592601,B.1.621-like,1.000000,0.000000,scorpio call: Alt alleles 27; Ref alleles 0; Amb alleles 0; Oth alleles 0,v3.1.11,2021-08-09
hCoV-19/USA/FL-CDC-ASC210114674/2021|EPI_ISL_3430224|2021-07-13,B.1.621,0.0,0.9931013797240552,B.1.621-like,0.888900,0.111100,scorpio call: Alt alleles 24; Ref alleles 3; Amb alleles 0; Oth alleles 0,v3.1.11,2021-08-09
hCoV-19/USA/FL-CDC-ASC210156043/2021|EPI_ISL_3430226|2021-07-11,B.1.621,0.0,1.0,B.1.621-like,1.000000,0.000000,scorpio call: Alt alleles 27; Ref alleles 0; Amb alleles 0; Oth alleles 0,v3.1.11,2021-08-09
hCoV-19/USA/FL-CDC-ASC210156208/2021|EPI_ISL_3430306|2021-07-14,B.1.621,0.0,1.0,B.1.621-like,1.000000,0.000000,scorpio call: Alt alleles 27; Ref alleles 0; Amb alleles 0; Oth alleles 0,v3.1.11,2021-08-09
hCoV-19/USA/FL-CDC-ASC210113149/2021|EPI_ISL_3430334|2021-07-12,B.1.621,0.0,0.9991428464949875,B.1.621-like,1.000000,0.000000,scorpio call: Alt alleles 27; Ref alleles 0; Amb alleles 0; Oth alleles 0,v3.1.11,2021-08-09
hCoV-19/USA/FL-CDC-ASC210159351/2021|EPI_ISL_3430367|2021-07-18,B.1.621,0.0,1.0,B.1.621-like,1.000000,0.000000,scorpio call: Alt alleles 27; Ref alleles 0; Amb alleles 0; Oth alleles 0,v3.1.11,2021-08-09
hCoV-19/USA/FL-CDC-ASC210157675/2021|EPI_ISL_3430370|2021-07-16,B.1.621,0.0,0.9765633931633703,B.1.621-like,0.963000,0.037000,scorpio call: Alt alleles 26; Ref alleles 1; Amb alleles 0; Oth alleles 0,v3.1.11,2021-08-09
hCoV-19/USA/FL-CDC-ASC210158194/2021|EPI_ISL_3430402|2021-07-16,B.1.621,0.0,1.0,B.1.621-like,1.000000,0.000000,scorpio call: Alt alleles 27; Ref alleles 0; Amb alleles 0; Oth alleles 0,v3.1.11,2021-08-09
hCoV-19/USA/FL-CDC-ASC210158355/2021|EPI_ISL_3430410|2021-07-16,B.1.621.1,0.0,1.0,B.1.621-like,1.000000,0.000000,scorpio call: Alt alleles 27; Ref alleles 0; Amb alleles 0; Oth alleles 0,v3.1.11,2021-08-09
hCoV-19/USA/FL-CDC-ASC210158379/2021|EPI_ISL_3430414|2021-07-16,B.1.621,0.0,1.0,B.1.621-like,1.000000,0.000000,scorpio call: Alt alleles 27; Ref alleles 0; Amb alleles 0; Oth alleles 0,v3.1.11,2021-08-09
hCoV-19/USA/FL-CDC-ASC210158603/2021|EPI_ISL_3430445|2021-07-17,B.1.621,0.0,0.9992547324489491,B.1.621-like,0.925900,0.074100,scorpio call: Alt alleles 25; Ref alleles 2; Amb alleles 0; Oth alleles 0,v3.1.11,2021-08-09
hCoV-19/USA/FL-CDC-ASC210157151/2021|EPI_ISL_3430481|2021-07-14,B.1.621.1,0.0,1.0,B.1.621-like,1.000000,0.000000,scorpio call: Alt alleles 27; Ref alleles 0; Amb alleles 0; Oth alleles 0,v3.1.11,2021-08-09
hCoV-19/USA/FL-CDC-ASC210158460/2021|EPI_ISL_3430502|2021-07-17,B.1.621,0.0,1.0,B.1.621-like,1.000000,0.000000,scorpio call: Alt alleles 27; Ref alleles 0; Amb alleles 0; Oth alleles 0,v3.1.11,2021-08-09
hCoV-19/USA/FL-CDC-ASC210158511/2021|EPI_ISL_3430506|2021-07-17,B.1.621,0.0,1.0,B.1.621-like,1.000000,0.000000,scorpio call: Alt alleles 27; Ref alleles 0; Amb alleles 0; Oth alleles 0,v3.1.11,2021-08-09
hCoV-19/USA/FL-CDC-ASC210157806/2021|EPI_ISL_3430510|2021-07-16,B.1.621,0.0,1.0,B.1.621-like,1.000000,0.000000,scorpio call: Alt alleles 27; Ref alleles 0; Amb alleles 0; Oth alleles 0,v3.1.11,2021-08-09
hCoV-19/USA/FL-CDC-ASC210157822/2021|EPI_ISL_3430512|2021-07-16,B.1.621.1,0.0,1.0,B.1.621-like,0.963000,0.037000,scorpio call: Alt alleles 26; Ref alleles 1; Amb alleles 0; Oth alleles 0,v3.1.11,2021-08-09
hCoV-19/USA/FL-CDC-ASC210157830/2021|EPI_ISL_3430513|2021-07-16,B.1.621.1,0.0,0.9581813949879743,B.1.621-like,0.888900,0.037000,scorpio call: Alt alleles 24; Ref alleles 1; Amb alleles 2; Oth alleles 0,v3.1.11,2021-08-09
hCoV-19/USA/FL-CDC-ASC210157835/2021|EPI_ISL_3430514|2021-07-16,B.1.621.1,0.0,0.9966750102738446,B.1.621-like,0.963000,0.037000,scorpio call: Alt alleles 26; Ref alleles 1; Amb alleles 0; Oth alleles 0,v3.1.11,2021-08-09
hCoV-19/USA/FL-CDC-ASC210157845/2021|EPI_ISL_3430515|2021-07-16,B.1.621.1,0.0,1.0,B.1.621-like,0.963000,0.037000,scorpio call: Alt alleles 26; Ref alleles 1; Amb alleles 0; Oth alleles 0,v3.1.11,2021-08-09
hCoV-19/USA/FL-CDC-ASC210159129/2021|EPI_ISL_3430541|2021-07-18,B.1.621,0.0,0.9902620596307854,B.1.621-like,0.925900,0.037000,scorpio call: Alt alleles 25; Ref alleles 1; Amb alleles 1; Oth alleles 0,v3.1.11,2021-08-09
hCoV-19/USA/FL-CDC-ASC210159159/2021|EPI_ISL_3430543|2021-07-18,B.1.621,0.0,1.0,B.1.621-like,1.000000,0.000000,scorpio call: Alt alleles 27; Ref alleles 0; Amb alleles 0; Oth alleles 0,v3.1.11,2021-08-09
hCoV-19/USA/FL-CDC-ASC210159186/2021|EPI_ISL_3430546|2021-07-18,B.1.621.1,0.0,1.0,B.1.621-like,0.963000,0.000000,scorpio call: Alt alleles 26; Ref alleles 0; Amb alleles 0; Oth alleles 1,v3.1.11,2021-08-09
hCoV-19/USA/FL-CDC-ASC210159187/2021|EPI_ISL_3430547|2021-07-18,B.1.621,0.0,1.0,B.1.621-like,1.000000,0.000000,scorpio call: Alt alleles 27; Ref alleles 0; Amb alleles 0; Oth alleles 0,v3.1.11,2021-08-09
hCoV-19/USA/FL-CDC-ASC210160757/2021|EPI_ISL_3430581|2021-07-19,B.1.621,0.0,1.0,B.1.621-like,1.000000,0.000000,scorpio call: Alt alleles 27; Ref alleles 0; Amb alleles 0; Oth alleles 0,v3.1.11,2021-08-09
hCoV-19/USA/FL-CDC-ASC210160892/2021|EPI_ISL_3430598|2021-07-20,B.1.621,0.0,0.9844583096993761,B.1.621-like,0.851900,0.111100,scorpio call: Alt alleles 23; Ref alleles 3; Amb alleles 1; Oth alleles 0,v3.1.11,2021-08-09
hCoV-19/USA/FL-CDC-ASC210160337/2021|EPI_ISL_3430640|2021-07-19,B.1.621,0.0,1.0,B.1.621-like,1.000000,0.000000,scorpio call: Alt alleles 27; Ref alleles 0; Amb alleles 0; Oth alleles 0,v3.1.11,2021-08-09
hCoV-19/USA/FL-CDC-ASC210159802/2021|EPI_ISL_3430658|2021-07-18,B.1.621,0.0,1.0,B.1.621-like,1.000000,0.000000,scorpio call: Alt alleles 27; Ref alleles 0; Amb alleles 0; Oth alleles 0,v3.1.11,2021-08-09
hCoV-19/USA/FL-CDC-ASC210160610/2021|EPI_ISL_3430680|2021-07-20,B.1.621,0.0,1.0,B.1.621-like,1.000000,0.000000,scorpio call: Alt alleles 27; Ref alleles 0; Amb alleles 0; Oth alleles 0,v3.1.11,2021-08-09
hCoV-19/USA/FL-CDC-LC0105917/2021|EPI_ISL_3430823|2021-07-13,B.1.621,0.0,0.945831370701837,B.1.621-like,0.888900,0.000000,scorpio call: Alt alleles 24; Ref alleles 0; Amb alleles 3; Oth alleles 0; scorpio replaced lineage assignment B.1,v3.1.11,2021-08-09
hCoV-19/USA/FL-CDC-LC0098785/2021|EPI_ISL_3430957|2021-07-11,B.1.621,0.0,0.9929125885926426,B.1.621-like,1.000000,0.000000,scorpio call: Alt alleles 27; Ref alleles 0; Amb alleles 0; Oth alleles 0,v3.1.11,2021-08-09
hCoV-19/USA/FL-CDC-LC0098542/2021|EPI_ISL_3430959|2021-07-12,B.1.621,0.0,0.9932523616734144,B.1.621-like,0.963000,0.037000,scorpio call: Alt alleles 26; Ref alleles 1; Amb alleles 0; Oth alleles 0,v3.1.11,2021-08-09
hCoV-19/USA/FL-CDC-LC0098686/2021|EPI_ISL_3430968|2021-07-13,B.1.621,0.0,1.0,B.1.621-like,1.000000,0.000000,scorpio call: Alt alleles 27; Ref alleles 0; Amb alleles 0; Oth alleles 0,v3.1.11,2021-08-09
hCoV-19/USA/FL-CDC-LC0098600/2021|EPI_ISL_3430969|2021-07-13,B.1.621,0.0,1.0,B.1.621-like,1.000000,0.000000,scorpio call: Alt alleles 27; Ref alleles 0; Amb alleles 0; Oth alleles 0,v3.1.11,2021-08-09
hCoV-19/USA/FL-CDC-LC0098216/2021|EPI_ISL_3430973|2021-07-16,B.1.621.1,0.0,1.0,B.1.621-like,1.000000,0.000000,scorpio call: Alt alleles 27; Ref alleles 0; Amb alleles 0; Oth alleles 0,v3.1.11,2021-08-09
hCoV-19/USA/FL-CDC-LC0098213/2021|EPI_ISL_3430974|2021-07-16,B.1.621,0.0,0.9951358227942827,B.1.621-like,1.000000,0.000000,scorpio call: Alt alleles 27; Ref alleles 0; Amb alleles 0; Oth alleles 0,v3.1.11,2021-08-09
hCoV-19/USA/FL-CDC-LC0099060/2021|EPI_ISL_3430997|2021-07-15,B.1.621,0.0,1.0,B.1.621-like,1.000000,0.000000,scorpio call: Alt alleles 27; Ref alleles 0; Amb alleles 0; Oth alleles 0,v3.1.11,2021-08-09
hCoV-19/USA/FL-CDC-LC0099423/2021|EPI_ISL_3430998|2021-07-15,B.1.621,0.0,1.0,B.1.621-like,1.000000,0.000000,scorpio call: Alt alleles 27; Ref alleles 0; Amb alleles 0; Oth alleles 0,v3.1.11,2021-08-09
hCoV-19/USA/FL-CDC-LC0099269/2021|EPI_ISL_3431006|2021-07-16,B.1.621,0.0,1.0,B.1.621-like,1.000000,0.000000,scorpio call: Alt alleles 27; Ref alleles 0; Amb alleles 0; Oth alleles 0,v3.1.11,2021-08-09
hCoV-19/USA/FL-CDC-LC0099476/2021|EPI_ISL_3431007|2021-07-16,B.1.621,0.0,1.0,B.1.621-like,1.000000,0.000000,scorpio call: Alt alleles 27; Ref alleles 0; Amb alleles 0; Oth alleles 0,v3.1.11,2021-08-09
hCoV-19/USA/FL-CDC-LC0099531/2021|EPI_ISL_3431010|2021-07-16,B.1.621,0.0,1.0,B.1.621-like,1.000000,0.000000,scorpio call: Alt alleles 27; Ref alleles 0; Amb alleles 0; Oth alleles 0,v3.1.11,2021-08-09
hCoV-19/USA/FL-CDC-LC0099736/2021|EPI_ISL_3431014|2021-07-13,B.1.621,0.0,1.0,B.1.621-like,0.963000,0.037000,scorpio call: Alt alleles 26; Ref alleles 1; Amb alleles 0; Oth alleles 0,v3.1.11,2021-08-09
hCoV-19/USA/FL-CDC-LC0099911/2021|EPI_ISL_3431017|2021-07-14,B.1.621,0.0,0.9986577181208054,B.1.621-like,1.000000,0.000000,scorpio call: Alt alleles 27; Ref alleles 0; Amb alleles 0; Oth alleles 0,v3.1.11,2021-08-09
hCoV-19/USA/FL-CDC-LC0099870/2021|EPI_ISL_3431021|2021-07-16,B.1.621.1,0.0,1.0,B.1.621-like,1.000000,0.000000,scorpio call: Alt alleles 27; Ref alleles 0; Amb alleles 0; Oth alleles 0,v3.1.11,2021-08-09
hCoV-19/USA/FL-CDC-LC0100171/2021|EPI_ISL_3431023|2021-07-17,B.1.621.1,0.0,1.0,B.1.621-like,1.000000,0.000000,scorpio call: Alt alleles 27; Ref alleles 0; Amb alleles 0; Oth alleles 0,v3.1.11,2021-08-09
hCoV-19/USA/FL-CDC-LC0100170/2021|EPI_ISL_3431024|2021-07-16,B.1.621,0.0,1.0,B.1.621-like,1.000000,0.000000,scorpio call: Alt alleles 27; Ref alleles 0; Amb alleles 0; Oth alleles 0,v3.1.11,2021-08-09
hCoV-19/USA/FL-CDC-LC0100244/2021|EPI_ISL_3431029|2021-07-17,B.1.621,0.0,1.0,B.1.621-like,1.000000,0.000000,scorpio call: Alt alleles 27; Ref alleles 0; Amb alleles 0; Oth alleles 0,v3.1.11,2021-08-09
hCoV-19/USA/FL-CDC-LC0100226/2021|EPI_ISL_3431031|2021-07-17,B.1.621.1,0.0,1.0,B.1.621-like,1.000000,0.000000,scorpio call: Alt alleles 27; Ref alleles 0; Amb alleles 0; Oth alleles 0,v3.1.11,2021-08-09
hCoV-19/USA/FL-CDC-LC0100076/2021|EPI_ISL_3431034|2021-07-18,B.1.621,0.0,1.0,B.1.621-like,1.000000,0.000000,scorpio call: Alt alleles 27; Ref alleles 0; Amb alleles 0; Oth alleles 0,v3.1.11,2021-08-09
hCoV-19/USA/FL-CDC-LC0100078/2021|EPI_ISL_3431035|2021-07-18,B.1.621.1,0.0,1.0,B.1.621-like,1.000000,0.000000,scorpio call: Alt alleles 27; Ref alleles 0; Amb alleles 0; Oth alleles 0,v3.1.11,2021-08-09
hCoV-19/USA/FL-CDC-LC0100092/2021|EPI_ISL_3431036|2021-07-18,B.1.621.1,0.0,1.0,B.1.621-like,1.000000,0.000000,scorpio call: Alt alleles 27; Ref alleles 0; Amb alleles 0; Oth alleles 0,v3.1.11,2021-08-09
hCoV-19/USA/FL-CDC-LC0100013/2021|EPI_ISL_3431042|2021-07-18,B.1.621,0.0,1.0,B.1.621-like,1.000000,0.000000,scorpio call: Alt alleles 27; Ref alleles 0; Amb alleles 0; Oth alleles 0,v3.1.11,2021-08-09
hCoV-19/USA/FL-CDC-LC0100340/2021|EPI_ISL_3431043|2021-07-18,B.1.621,0.0,0.9947596945650546,B.1.621-like,1.000000,0.000000,scorpio call: Alt alleles 27; Ref alleles 0; Amb alleles 0; Oth alleles 0,v3.1.11,2021-08-09
hCoV-19/USA/FL-CDC-LC0104357/2021|EPI_ISL_3431055|2021-07-17,B.1.621.1,0.0,1.0,B.1.621-like,1.000000,0.000000,scorpio call: Alt alleles 27; Ref alleles 0; Amb alleles 0; Oth alleles 0,v3.1.11,2021-08-09
hCoV-19/USA/FL-CDC-LC0104367/2021|EPI_ISL_3431056|2021-07-17,B.1.621.1,0.0,1.0,B.1.621-like,1.000000,0.000000,scorpio call: Alt alleles 27; Ref alleles 0; Amb alleles 0; Oth alleles 0,v3.1.11,2021-08-09
hCoV-19/USA/FL-CDC-FG-052758/2021|EPI_ISL_3431101|2021-07-22,B.1.621,0.0,0.9929503524823758,B.1.621-like,1.000000,0.000000,scorpio call: Alt alleles 27; Ref alleles 0; Amb alleles 0; Oth alleles 0,v3.1.11,2021-08-09
hCoV-19/USA/FL-CDC-QDX27272211/2021|EPI_ISL_3456201|2021-07-25,B.1.621,0.0,1.0,B.1.621-like,1.000000,0.000000,scorpio call: Alt alleles 27; Ref alleles 0; Amb alleles 0; Oth alleles 0,v3.1.11,2021-08-09
hCoV-19/USA/FL-CDC-QDX27272247/2021|EPI_ISL_3456261|2021-07-25,B.1.621,0.0,1.0,B.1.621-like,1.000000,0.000000,scorpio call: Alt alleles 27; Ref alleles 0; Amb alleles 0; Oth alleles 0,v3.1.11,2021-08-09
hCoV-19/USA/FL-CDC-QDX27028105/2021|EPI_ISL_3460817|2021-07-17,B.1.621,0.0,1.0,B.1.621-like,1.000000,0.000000,scorpio call: Alt alleles 27; Ref alleles 0; Amb alleles 0; Oth alleles 0,v3.1.11,2021-08-09
hCoV-19/USA/FL-CDC-QDX27028016/2021|EPI_ISL_3460825|2021-07-16,B.1.621,0.0,1.0,B.1.621-like,1.000000,0.000000,scorpio call: Alt alleles 27; Ref alleles 0; Amb alleles 0; Oth alleles 0,v3.1.11,2021-08-09
hCoV-19/USA/FL-CDC-ASC210242360/2021|EPI_ISL_3460901|2021-07-22,B.1.621,0.0,1.0,B.1.621-like,0.963000,0.037000,scorpio call: Alt alleles 26; Ref alleles 1; Amb alleles 0; Oth alleles 0,v3.1.11,2021-08-09
hCoV-19/USA/FL-CDC-QDX27169456/2021|EPI_ISL_3461018|2021-07-24,B.1.621,0.0,1.0,B.1.621-like,1.000000,0.000000,scorpio call: Alt alleles 27; Ref alleles 0; Amb alleles 0; Oth alleles 0,v3.1.11,2021-08-09
hCoV-19/USA/FL-TGH-1333/2021|EPI_ISL_3462368|2021-08-04,B.1.621,0.0,0.9989936262998994,B.1.621-like,0.963000,0.037000,scorpio call: Alt alleles 26; Ref alleles 1; Amb alleles 0; Oth alleles 0,v3.1.11,2021-08-09
hCoV-19/USA/FL-CDC-2-4718622/2021|EPI_ISL_3491506|2021-07-22,B.1.621,0.0,1.0,B.1.621-like,1.000000,0.000000,scorpio call: Alt alleles 27; Ref alleles 0; Amb alleles 0; Oth alleles 0,v3.1.11,2021-08-09
hCoV-19/USA/FL-CDC-2-4718609/2021|EPI_ISL_3491507|2021-07-22,B.1.621,0.0,1.0,B.1.621-like,1.000000,0.000000,scorpio call: Alt alleles 27; Ref alleles 0; Amb alleles 0; Oth alleles 0,v3.1.11,2021-08-09
hCoV-19/USA/FL-CDC-LC0138305/2021|EPI_ISL_3509959|2021-07-22,B.1.621,0.0,1.0,B.1.621-like,0.963000,0.037000,scorpio call: Alt alleles 26; Ref alleles 1; Amb alleles 0; Oth alleles 0,v3.1.11,2021-08-09
hCoV-19/USA/FL-CDC-LC0138155/2021|EPI_ISL_3510217|2021-07-25,B.1.621,0.0,0.9882459312839059,B.1.621-like,1.000000,0.000000,scorpio call: Alt alleles 27; Ref alleles 0; Amb alleles 0; Oth alleles 0,v3.1.11,2021-08-09
hCoV-19/USA/FL-CDC-LC0138049/2021|EPI_ISL_3510243|2021-07-26,B.1.621,0.0,1.0,B.1.621-like,1.000000,0.000000,scorpio call: Alt alleles 27; Ref alleles 0; Amb alleles 0; Oth alleles 0,v3.1.11,2021-08-09
hCoV-19/USA/FL-CDC-LC0138227/2021|EPI_ISL_3510253|2021-07-27,B.1.621,0.0,0.9997392826548475,B.1.621-like,1.000000,0.000000,scorpio call: Alt alleles 27; Ref alleles 0; Amb alleles 0; Oth alleles 0,v3.1.11,2021-08-09
hCoV-19/USA/FL-CDC-LC0138439/2021|EPI_ISL_3510329|2021-07-26,B.1.621,0.0,0.9360167980666376,B.1.621-like,0.925900,0.074100,scorpio call: Alt alleles 25; Ref alleles 2; Amb alleles 0; Oth alleles 0,v3.1.11,2021-08-09
hCoV-19/USA/FL-CDC-LC0139292/2021|EPI_ISL_3510552|2021-07-26,B.1.621,0.0,0.9997392826548475,B.1.621-like,1.000000,0.000000,scorpio call: Alt alleles 27; Ref alleles 0; Amb alleles 0; Oth alleles 0,v3.1.11,2021-08-09
hCoV-19/USA/FL-CDC-LC0138787/2021|EPI_ISL_3510671|2021-07-29,B.1.621,0.0,1.0,B.1.621-like,1.000000,0.000000,scorpio call: Alt alleles 27; Ref alleles 0; Amb alleles 0; Oth alleles 0,v3.1.11,2021-08-09
hCoV-19/USA/FL-CDC-LC0139914/2021|EPI_ISL_3511043|2021-07-29,B.1.621.1,0.0,1.0,B.1.621-like,1.000000,0.000000,scorpio call: Alt alleles 27; Ref alleles 0; Amb alleles 0; Oth alleles 0,v3.1.11,2021-08-09
hCoV-19/USA/FL-CDC-LC0150750/2021|EPI_ISL_3511365|2021-07-27,B.1.621.1,0.0,0.9951358227942827,B.1.621-like,1.000000,0.000000,scorpio call: Alt alleles 27; Ref alleles 0; Amb alleles 0; Oth alleles 0,v3.1.11,2021-08-09
hCoV-19/USA/FL-CDC-LC0150455/2021|EPI_ISL_3511580|2021-07-29,B.1.621,0.0,1.0,B.1.621-like,1.000000,0.000000,scorpio call: Alt alleles 27; Ref alleles 0; Amb alleles 0; Oth alleles 0,v3.1.11,2021-08-09
hCoV-19/USA/FL-CDC-LC0150421/2021|EPI_ISL_3511596|2021-07-28,B.1.621,0.0,0.990110179370511,B.1.621-like,0.963000,0.000000,scorpio call: Alt alleles 26; Ref alleles 0; Amb alleles 1; Oth alleles 0,v3.1.11,2021-08-09
hCoV-19/USA/FL-CDC-LC0151767/2021|EPI_ISL_3512020|2021-07-28,B.1.621,0.0,0.9605202043660009,B.1.621-like,0.925900,0.074100,scorpio call: Alt alleles 25; Ref alleles 2; Amb alleles 0; Oth alleles 0,v3.1.11,2021-08-09
hCoV-19/USA/FL-CDC-LC0151604/2021|EPI_ISL_3512112|2021-07-29,B.1.621,0.0,1.0,B.1.621-like,1.000000,0.000000,scorpio call: Alt alleles 27; Ref alleles 0; Amb alleles 0; Oth alleles 0,v3.1.11,2021-08-09
hCoV-19/USA/FL-CDC-LC0152342/2021|EPI_ISL_3512292|2021-07-27,B.1.621,0.0,1.0,B.1.621-like,1.000000,0.000000,scorpio call: Alt alleles 27; Ref alleles 0; Amb alleles 0; Oth alleles 0,v3.1.11,2021-08-09
hCoV-19/USA/FL-CDC-LC0152299/2021|EPI_ISL_3512625|2021-07-31,B.1.621,0.0,0.9528191530843017,B.1.621-like,0.963000,0.000000,scorpio call: Alt alleles 26; Ref alleles 0; Amb alleles 1; Oth alleles 0,v3.1.11,2021-08-09
hCoV-19/USA/FL-CDC-LC0154663/2021|EPI_ISL_3513077|2021-08-01,B.1.621,0.0,0.9951358227942827,B.1.621-like,1.000000,0.000000,scorpio call: Alt alleles 27; Ref alleles 0; Amb alleles 0; Oth alleles 0,v3.1.11,2021-08-09
hCoV-19/USA/FL-CDC-LC0147633/2021|EPI_ISL_3516407|2021-07-28,B.1.621,0.0,1.0,B.1.621-like,0.963000,0.037000,scorpio call: Alt alleles 26; Ref alleles 1; Amb alleles 0; Oth alleles 0,v3.1.11,2021-08-09
hCoV-19/USA/FL-CDC-LC0147353/2021|EPI_ISL_3516440|2021-07-28,B.1.621,0.0,0.9897302787495768,B.1.621-like,1.000000,0.000000,scorpio call: Alt alleles 27; Ref alleles 0; Amb alleles 0; Oth alleles 0,v3.1.11,2021-08-09
hCoV-19/USA/FL-CDC-LC0150097/2021|EPI_ISL_3516900|2021-07-29,B.1.621,0.0,1.0,B.1.621-like,1.000000,0.000000,scorpio call: Alt alleles 27; Ref alleles 0; Amb alleles 0; Oth alleles 0,v3.1.11,2021-08-09
hCoV-19/USA/FL-CDC-LC0155556/2021|EPI_ISL_3604612|2021-08-02,B.1.621,0.0,1.0,B.1.621-like,1.000000,0.000000,scorpio call: Alt alleles 27; Ref alleles 0; Amb alleles 0; Oth alleles 0,v3.1.11,2021-08-09
hCoV-19/USA/FL-CDC-LC0155537/2021|EPI_ISL_3604690|2021-08-02,B.1.621.1,0.0,0.951551825102479,B.1.621-like,0.888900,0.111100,scorpio call: Alt alleles 24; Ref alleles 3; Amb alleles 0; Oth alleles 0,v3.1.11,2021-08-09
hCoV-19/USA/FL-CDC-LC0155532/2021|EPI_ISL_3604691|2021-08-02,B.1.621.1,0.0,1.0,B.1.621-like,1.000000,0.000000,scorpio call: Alt alleles 27; Ref alleles 0; Amb alleles 0; Oth alleles 0,v3.1.11,2021-08-09
hCoV-19/USA/FL-CDC-LC0155754/2021|EPI_ISL_3605029|2021-08-03,B.1.621,0.0,0.9994411534592601,B.1.621-like,1.000000,0.000000,scorpio call: Alt alleles 27; Ref alleles 0; Amb alleles 0; Oth alleles 0,v3.1.11,2021-08-09
hCoV-19/USA/FL-CDC-LC0156142/2021|EPI_ISL_3605074|2021-08-03,B.1.621,0.0,1.0,B.1.621-like,1.000000,0.000000,scorpio call: Alt alleles 27; Ref alleles 0; Amb alleles 0; Oth alleles 0,v3.1.11,2021-08-09
hCoV-19/USA/FL-CDC-LC0156546/2021|EPI_ISL_3605372|2021-08-04,B.1.621,0.0,0.9951358227942827,B.1.621-like,1.000000,0.000000,scorpio call: Alt alleles 27; Ref alleles 0; Amb alleles 0; Oth alleles 0,v3.1.11,2021-08-09
hCoV-19/USA/FL-CDC-LC0156532/2021|EPI_ISL_3605427|2021-08-05,B.1.621,0.0,1.0,B.1.621-like,1.000000,0.000000,scorpio call: Alt alleles 27; Ref alleles 0; Amb alleles 0; Oth alleles 0,v3.1.11,2021-08-09
hCoV-19/USA/FL-CDC-LC0156577/2021|EPI_ISL_3605465|2021-08-03,B.1.621,0.0,1.0,B.1.621-like,1.000000,0.000000,scorpio call: Alt alleles 27; Ref alleles 0; Amb alleles 0; Oth alleles 0,v3.1.11,2021-08-09
hCoV-19/USA/FL-CDC-LC0156530/2021|EPI_ISL_3605494|2021-08-05,B.1.621,0.0,1.0,B.1.621-like,1.000000,0.000000,scorpio call: Alt alleles 27; Ref alleles 0; Amb alleles 0; Oth alleles 0,v3.1.11,2021-08-09
hCoV-19/USA/FL-CDC-IBX432411475941/2021|EPI_ISL_3610043|2021-08-04,B.1.621,0.0,0.9807195992105663,B.1.621-like,1.000000,0.000000,scorpio call: Alt alleles 27; Ref alleles 0; Amb alleles 0; Oth alleles 0,v3.1.11,2021-08-09
hCoV-19/USA/FL-CDC-LC0161717/2021|EPI_ISL_3674999|2021-08-02,B.1.621.1,0.0,1.0,B.1.621-like,1.000000,0.000000,scorpio call: Alt alleles 27; Ref alleles 0; Amb alleles 0; Oth alleles 0,v3.1.11,2021-08-09
hCoV-19/USA/FL-CDC-LC0161831/2021|EPI_ISL_3675493|2021-08-02,B.1.621,0.0,0.9993293091884641,B.1.621-like,1.000000,0.000000,scorpio call: Alt alleles 27; Ref alleles 0; Amb alleles 0; Oth alleles 0,v3.1.11,2021-08-09
hCoV-19/USA/FL-CDC-LC0162447/2021|EPI_ISL_3675665|2021-08-02,B.1.621.1,0.0,0.9981347459523987,B.1.621-like,1.000000,0.000000,scorpio call: Alt alleles 27; Ref alleles 0; Amb alleles 0; Oth alleles 0,v3.1.11,2021-08-09
hCoV-19/USA/FL-CDC-LC0162998/2021|EPI_ISL_3677099|2021-08-05,B.1.621,0.0,0.9997392826548475,B.1.621-like,1.000000,0.000000,scorpio call: Alt alleles 27; Ref alleles 0; Amb alleles 0; Oth alleles 0,v3.1.11,2021-08-09
hCoV-19/USA/FL-CDC-LC0163707/2021|EPI_ISL_3677470|2021-08-05,B.1.621,0.0,0.9980973698936766,B.1.621-like,0.963000,0.037000,scorpio call: Alt alleles 26; Ref alleles 1; Amb alleles 0; Oth alleles 0,v3.1.11,2021-08-09
hCoV-19/USA/FL-CDC-LC0168659/2021|EPI_ISL_3679060|2021-08-03,B.1.621,0.0,1.0,B.1.621-like,1.000000,0.000000,scorpio call: Alt alleles 27; Ref alleles 0; Amb alleles 0; Oth alleles 0,v3.1.11,2021-08-09
hCoV-19/USA/FL-TGH-1368/2021|EPI_ISL_3720994|2021-08-15,B.1.621,0.0,0.9974241236420652,B.1.621-like,1.000000,0.000000,scorpio call: Alt alleles 27; Ref alleles 0; Amb alleles 0; Oth alleles 0,v3.1.11,2021-08-09
hCoV-19/USA/FL-TGH-1389/2021|EPI_ISL_3721000|2021-08-15,B.1.621,0.0,0.9998510353046328,B.1.621-like,1.000000,0.000000,scorpio call: Alt alleles 27; Ref alleles 0; Amb alleles 0; Oth alleles 0,v3.1.11,2021-08-09
hCoV-19/USA/FL-CDC-LC0174627/2021|EPI_ISL_3740354|2021-08-04,B.1.621,0.0,1.0,B.1.621-like,1.000000,0.000000,scorpio call: Alt alleles 27; Ref alleles 0; Amb alleles 0; Oth alleles 0,v3.1.11,2021-08-09
hCoV-19/USA/FL-CDC-LC0174623/2021|EPI_ISL_3740358|2021-08-04,B.1.621.1,0.0,0.9964125560538116,B.1.621-like,1.000000,0.000000,scorpio call: Alt alleles 27; Ref alleles 0; Amb alleles 0; Oth alleles 0,v3.1.11,2021-08-09
hCoV-19/USA/FL-CDC-LC0174519/2021|EPI_ISL_3740529|2021-08-03,B.1.621,0.0,0.9981721192225911,B.1.621-like,1.000000,0.000000,scorpio call: Alt alleles 27; Ref alleles 0; Amb alleles 0; Oth alleles 0,v3.1.11,2021-08-09
hCoV-19/USA/FL-CDC-LC0176283/2021|EPI_ISL_3742299|2021-08-10,B.1.621,0.0,1.0,B.1.621-like,1.000000,0.000000,scorpio call: Alt alleles 27; Ref alleles 0; Amb alleles 0; Oth alleles 0,v3.1.11,2021-08-09
hCoV-19/USA/FL-CDC-LC0186831/2021|EPI_ISL_3743419|2021-08-10,B.1.621.1,0.0,1.0,B.1.621-like,1.000000,0.000000,scorpio call: Alt alleles 27; Ref alleles 0; Amb alleles 0; Oth alleles 0,v3.1.11,2021-08-09
hCoV-19/USA/FL-CDC-LC0186360/2021|EPI_ISL_3743437|2021-08-12,B.1.621,0.0,1.0,B.1.621-like,1.000000,0.000000,scorpio call: Alt alleles 27; Ref alleles 0; Amb alleles 0; Oth alleles 0,v3.1.11,2021-08-09
hCoV-19/USA/FL-CDC-LC0190256/2021|EPI_ISL_3744304|2021-08-06,B.1.621.1,0.0,1.0,B.1.621-like,0.963000,0.000000,scorpio call: Alt alleles 26; Ref alleles 0; Amb alleles 0; Oth alleles 1,v3.1.11,2021-08-09
hCoV-19/USA/FL-CDC-ASC210276061/2021|EPI_ISL_3752371|2021-08-05,B.1.621,0.0,1.0,B.1.621-like,1.000000,0.000000,scorpio call: Alt alleles 27; Ref alleles 0; Amb alleles 0; Oth alleles 0,v3.1.11,2021-08-09
hCoV-19/USA/FL-CDC-ASC210270487/2021|EPI_ISL_3752838|2021-08-03,B.1.621,0.0,1.0,B.1.621-like,1.000000,0.000000,scorpio call: Alt alleles 27; Ref alleles 0; Amb alleles 0; Oth alleles 0,v3.1.11,2021-08-09
hCoV-19/USA/FL-CDC-ASC210276276/2021|EPI_ISL_3752912|2021-08-05,B.1.621,0.0,1.0,B.1.621-like,1.000000,0.000000,scorpio call: Alt alleles 27; Ref alleles 0; Amb alleles 0; Oth alleles 0,v3.1.11,2021-08-09
hCoV-19/USA/FL-CDC-ASC210239388/2021|EPI_ISL_3753039|2021-08-03,B.1.621,0.0,0.9944209383307747,B.1.621-like,0.925900,0.074100,scorpio call: Alt alleles 25; Ref alleles 2; Amb alleles 0; Oth alleles 0,v3.1.11,2021-08-09
hCoV-19/USA/FL-TGH-1412/2021|EPI_ISL_3806788|2021-08-06,B.1.621.1,0.0,1.0,B.1.621-like,1.000000,0.000000,scorpio call: Alt alleles 27; Ref alleles 0; Amb alleles 0; Oth alleles 0,v3.1.11,2021-08-09
hCoV-19/USA/FL-CDC-ASC210208984/2021|EPI_ISL_3819060|2021-08-02,B.1.621,0.0,0.9998510353046328,B.1.621-like,1.000000,0.000000,scorpio call: Alt alleles 27; Ref alleles 0; Amb alleles 0; Oth alleles 0,v3.1.11,2021-08-09
hCoV-19/USA/FL-CDC-ASC210210642/2021|EPI_ISL_3819770|2021-08-02,B.1.621,0.0,1.0,B.1.621-like,1.000000,0.000000,scorpio call: Alt alleles 27; Ref alleles 0; Amb alleles 0; Oth alleles 0,v3.1.11,2021-08-09
hCoV-19/USA/FL-CDC-ASC210210701/2021|EPI_ISL_3819818|2021-08-01,B.1.621,0.0,1.0,B.1.621-like,1.000000,0.000000,scorpio call: Alt alleles 27; Ref alleles 0; Amb alleles 0; Oth alleles 0,v3.1.11,2021-08-09
hCoV-19/USA/FL-CDC-ASC210210704/2021|EPI_ISL_3819821|2021-08-02,B.1.621,0.0,1.0,B.1.621-like,0.925900,0.074100,scorpio call: Alt alleles 25; Ref alleles 2; Amb alleles 0; Oth alleles 0,v3.1.11,2021-08-09
hCoV-19/USA/FL-CDC-ASC210237742/2021|EPI_ISL_3819945|2021-08-02,B.1.621,0.0,1.0,B.1.621-like,1.000000,0.000000,scorpio call: Alt alleles 27; Ref alleles 0; Amb alleles 0; Oth alleles 0,v3.1.11,2021-08-09
hCoV-19/USA/FL-CDC-ASC210206040/2021|EPI_ISL_3820347|2021-08-01,B.1.621,0.0,1.0,B.1.621-like,0.925900,0.000000,scorpio call: Alt alleles 25; Ref alleles 0; Amb alleles 0; Oth alleles 2,v3.1.11,2021-08-09
hCoV-19/USA/FL-CDC-ASC210209876/2021|EPI_ISL_3820474|2021-08-02,B.1.621,0.0,1.0,B.1.621-like,1.000000,0.000000,scorpio call: Alt alleles 27; Ref alleles 0; Amb alleles 0; Oth alleles 0,v3.1.11,2021-08-09
hCoV-19/USA/FL-CDC-ASC210206748/2021|EPI_ISL_3820574|2021-08-01,B.1.621,0.0,1.0,B.1.621-like,1.000000,0.000000,scorpio call: Alt alleles 27; Ref alleles 0; Amb alleles 0; Oth alleles 0,v3.1.11,2021-08-09
hCoV-19/USA/FL-CDC-ASC210237547/2021|EPI_ISL_3821892|2021-08-01,B.1.621,0.0,1.0,B.1.621-like,0.963000,0.037000,scorpio call: Alt alleles 26; Ref alleles 1; Amb alleles 0; Oth alleles 0,v3.1.11,2021-08-09
hCoV-19/USA/FL-CDC-ASC210206958/2021|EPI_ISL_3822067|2021-08-01,B.1.621,0.0,1.0,B.1.621-like,1.000000,0.000000,scorpio call: Alt alleles 27; Ref alleles 0; Amb alleles 0; Oth alleles 0,v3.1.11,2021-08-09
hCoV-19/USA/FL-CDC-ASC210208463/2021|EPI_ISL_3822300|2021-08-02,B.1.621,0.0,0.9363117870722434,B.1.621-like,0.963000,0.000000,scorpio call: Alt alleles 26; Ref alleles 0; Amb alleles 1; Oth alleles 0,v3.1.11,2021-08-09
hCoV-19/USA/FL-CDC-ASC210210582/2021|EPI_ISL_3822426|2021-08-02,B.1.621,0.0,1.0,B.1.621-like,1.000000,0.000000,scorpio call: Alt alleles 27; Ref alleles 0; Amb alleles 0; Oth alleles 0,v3.1.11,2021-08-09
hCoV-19/USA/FL-CDC-ASC210206888/2021|EPI_ISL_3822474|2021-07-31,B.1.621,0.0,0.9355529131985731,B.1.621-like,0.925900,0.000000,scorpio call: Alt alleles 25; Ref alleles 0; Amb alleles 2; Oth alleles 0,v3.1.11,2021-08-09
hCoV-19/USA/FL-CDC-ASC210208572/2021|EPI_ISL_3822777|2021-07-31,B.1.621.1,0.0,0.9891979374458956,B.1.621-like,0.925900,0.074100,scorpio call: Alt alleles 25; Ref alleles 2; Amb alleles 0; Oth alleles 0,v3.1.11,2021-08-09
hCoV-19/USA/FL-CDC-ASC210208397/2021|EPI_ISL_3822942|2021-08-02,B.1.621,0.0,1.0,B.1.621-like,0.963000,0.037000,scorpio call: Alt alleles 26; Ref alleles 1; Amb alleles 0; Oth alleles 0,v3.1.11,2021-08-09
hCoV-19/USA/FL-CDC-ASC210208431/2021|EPI_ISL_3822966|2021-07-30,B.1.621,0.0,1.0,B.1.621-like,1.000000,0.000000,scorpio call: Alt alleles 27; Ref alleles 0; Amb alleles 0; Oth alleles 0,v3.1.11,2021-08-09
hCoV-19/USA/FL-CDC-ASC210233454/2021|EPI_ISL_3842494|2021-07-28,B.1.621,0.0,1.0,B.1.621-like,1.000000,0.000000,scorpio call: Alt alleles 27; Ref alleles 0; Amb alleles 0; Oth alleles 0,v3.1.11,2021-08-09
hCoV-19/USA/FL-CDC-ASC210233235/2021|EPI_ISL_3842610|2021-07-28,B.1.621,0.0,0.9551820728291317,B.1.621-like,0.925900,0.037000,scorpio call: Alt alleles 25; Ref alleles 1; Amb alleles 1; Oth alleles 0,v3.1.11,2021-08-09
hCoV-19/USA/FL-CDC-ASC210233246/2021|EPI_ISL_3842628|2021-07-28,B.1.621,0.0,0.972962637194539,B.1.621-like,1.000000,0.000000,scorpio call: Alt alleles 27; Ref alleles 0; Amb alleles 0; Oth alleles 0,v3.1.11,2021-08-09
hCoV-19/USA/FL-CDC-ASC210232071/2021|EPI_ISL_3842716|2021-07-28,B.1.621,0.0,1.0,B.1.621-like,1.000000,0.000000,scorpio call: Alt alleles 27; Ref alleles 0; Amb alleles 0; Oth alleles 0,v3.1.11,2021-08-09
hCoV-19/USA/FL-CDC-ASC210232079/2021|EPI_ISL_3842733|2021-07-28,B.1.621,0.0,1.0,B.1.621-like,1.000000,0.000000,scorpio call: Alt alleles 27; Ref alleles 0; Amb alleles 0; Oth alleles 0,v3.1.11,2021-08-09
hCoV-19/USA/FL-CDC-ASC210232859/2021|EPI_ISL_3843139|2021-07-28,B.1.621,0.0,1.0,B.1.621-like,1.000000,0.000000,scorpio call: Alt alleles 27; Ref alleles 0; Amb alleles 0; Oth alleles 0,v3.1.11,2021-08-09
hCoV-19/USA/FL-CDC-ASC210232873/2021|EPI_ISL_3843163|2021-07-28,B.1.621,0.0,0.9802164419973419,B.1.621-like,1.000000,0.000000,scorpio call: Alt alleles 27; Ref alleles 0; Amb alleles 0; Oth alleles 0,v3.1.11,2021-08-09
hCoV-19/USA/FL-CDC-ASC210230456/2021|EPI_ISL_3843310|2021-07-27,B.1.621,0.0,0.9908691241122759,B.1.621-like,1.000000,0.000000,scorpio call: Alt alleles 27; Ref alleles 0; Amb alleles 0; Oth alleles 0,v3.1.11,2021-08-09
hCoV-19/USA/FL-GD-071321-21062433775/2021|EPI_ISL_431135|2021-06-24,B.1.621,0.0,0.9999627629864085,B.1.621-like,1.000000,0.000000,scorpio call: Alt alleles 27; Ref alleles 0; Amb alleles 0; Oth alleles 0,v3.1.11,2021-08-09
hCoV-19/USA/FL-CDC-ASC210230683/2021|EPI_ISL_3843426|2021-07-27,B.1.621,0.0,1.0,B.1.621-like,0.925900,0.074100,scorpio call: Alt alleles 25; Ref alleles 2; Amb alleles 0; Oth alleles 0,v3.1.11,2021-08-09
hCoV-19/USA/FL-CDC-ASC210234480/2021|EPI_ISL_3844662|2021-07-29,B.1.621,0.0,1.0,B.1.621-like,1.000000,0.000000,scorpio call: Alt alleles 27; Ref alleles 0; Amb alleles 0; Oth alleles 0,v3.1.11,2021-08-09
hCoV-19/USA/FL-CDC-ASC210234529/2021|EPI_ISL_3844723|2021-07-28,B.1.621.1,0.0,1.0,B.1.621-like,1.000000,0.000000,scorpio call: Alt alleles 27; Ref alleles 0; Amb alleles 0; Oth alleles 0,v3.1.11,2021-08-09
hCoV-19/USA/FL-CDC-ASC210231190/2021|EPI_ISL_3845225|2021-07-27,B.1.621,0.0,1.0,B.1.621-like,1.000000,0.000000,scorpio call: Alt alleles 27; Ref alleles 0; Amb alleles 0; Oth alleles 0,v3.1.11,2021-08-09
hCoV-19/USA/FL-CDC-ASC210231328/2021|EPI_ISL_3845624|2021-07-28,B.1.621,0.0,1.0,B.1.621-like,1.000000,0.000000,scorpio call: Alt alleles 27; Ref alleles 0; Amb alleles 0; Oth alleles 0,v3.1.11,2021-08-09
hCoV-19/USA/FL-CDC-ASC210231336/2021|EPI_ISL_3845631|2021-07-28,B.1.621,0.0,1.0,B.1.621-like,1.000000,0.000000,scorpio call: Alt alleles 27; Ref alleles 0; Amb alleles 0; Oth alleles 0,v3.1.11,2021-08-09
hCoV-19/USA/FL-CDC-ASC210232151/2021|EPI_ISL_3845775|2021-07-28,B.1.621,0.0,1.0,B.1.621-like,1.000000,0.000000,scorpio call: Alt alleles 27; Ref alleles 0; Amb alleles 0; Oth alleles 0,v3.1.11,2021-08-09
hCoV-19/USA/FL-CDC-ASC210232013/2021|EPI_ISL_3846013|2021-07-28,B.1.621,0.0,1.0,B.1.621-like,1.000000,0.000000,scorpio call: Alt alleles 27; Ref alleles 0; Amb alleles 0; Oth alleles 0,v3.1.11,2021-08-09
hCoV-19/USA/FL-CDC-ASC210232933/2021|EPI_ISL_3846148|2021-07-28,B.1.621.1,0.0,1.0,B.1.621-like,0.963000,0.000000,scorpio call: Alt alleles 26; Ref alleles 0; Amb alleles 0; Oth alleles 1,v3.1.11,2021-08-09
hCoV-19/USA/FL-CDC-ASC210245883/2021|EPI_ISL_3846296|2021-07-29,B.1.621.1,0.0,1.0,B.1.621-like,1.000000,0.000000,scorpio call: Alt alleles 27; Ref alleles 0; Amb alleles 0; Oth alleles 0,v3.1.11,2021-08-09
hCoV-19/USA/FL-CDC-ASC210245887/2021|EPI_ISL_3846300|2021-07-29,B.1.621,0.0,1.0,B.1.621-like,1.000000,0.000000,scorpio call: Alt alleles 27; Ref alleles 0; Amb alleles 0; Oth alleles 0,v3.1.11,2021-08-09
hCoV-19/USA/FL-CDC-ASC210235587/2021|EPI_ISL_3846331|2021-07-29,B.1.621,0.0,1.0,B.1.621-like,1.000000,0.000000,scorpio call: Alt alleles 27; Ref alleles 0; Amb alleles 0; Oth alleles 0,v3.1.11,2021-08-09
hCoV-19/USA/FL-CDC-ASC210202917/2021|EPI_ISL_3846549|2021-07-30,B.1.621,0.0,1.0,B.1.621-like,0.963000,0.037000,scorpio call: Alt alleles 26; Ref alleles 1; Amb alleles 0; Oth alleles 0,v3.1.11,2021-08-09
hCoV-19/USA/FL-CDC-ASC210202952/2021|EPI_ISL_3846575|2021-07-30,B.1.621,0.0,1.0,B.1.621-like,0.963000,0.037000,scorpio call: Alt alleles 26; Ref alleles 1; Amb alleles 0; Oth alleles 0,v3.1.11,2021-08-09
hCoV-19/USA/FL-CDC-ASC210201744/2021|EPI_ISL_3847202|2021-07-30,B.1.621,0.0,0.9791698342709442,B.1.621-like,0.925900,0.000000,scorpio call: Alt alleles 25; Ref alleles 0; Amb alleles 2; Oth alleles 0,v3.1.11,2021-08-09
hCoV-19/USA/FL-CDC-ASC210237263/2021|EPI_ISL_3847343|2021-07-30,B.1.621,0.0,1.0,B.1.621-like,1.000000,0.000000,scorpio call: Alt alleles 27; Ref alleles 0; Amb alleles 0; Oth alleles 0,v3.1.11,2021-08-09
hCoV-19/USA/FL-CDC-ASC210202262/2021|EPI_ISL_3847403|2021-07-30,B.1.621,0.0,0.9993293091884641,B.1.621-like,1.000000,0.000000,scorpio call: Alt alleles 27; Ref alleles 0; Amb alleles 0; Oth alleles 0,v3.1.11,2021-08-09
hCoV-19/USA/FL-CDC-ASC210235670/2021|EPI_ISL_3848038|2021-07-29,B.1.621.1,0.0,0.9940819537043973,B.1.621-like,0.963000,0.000000,scorpio call: Alt alleles 26; Ref alleles 0; Amb alleles 0; Oth alleles 1,v3.1.11,2021-08-09
hCoV-19/USA/FL-CDC-ASC210235674/2021|EPI_ISL_3848041|2021-07-29,B.1.621.1,0.0,0.997349262647004,B.1.621-like,0.963000,0.000000,scorpio call: Alt alleles 26; Ref alleles 0; Amb alleles 0; Oth alleles 1,v3.1.11,2021-08-09
hCoV-19/USA/FL-CDC-ASC210236442/2021|EPI_ISL_3848762|2021-07-30,B.1.621,0.0,1.0,B.1.621-like,0.925900,0.074100,scorpio call: Alt alleles 25; Ref alleles 2; Amb alleles 0; Oth alleles 0; scorpio replaced lineage assignment B.1,v3.1.11,2021-08-09
hCoV-19/USA/FL-CDC-ASC210237130/2021|EPI_ISL_3848926|2021-07-30,B.1.621,0.0,1.0,B.1.621-like,1.000000,0.000000,scorpio call: Alt alleles 27; Ref alleles 0; Amb alleles 0; Oth alleles 0,v3.1.11,2021-08-09
hCoV-19/USA/FL-CDC-ASC210237167/2021|EPI_ISL_3848986|2021-07-30,B.1.621,0.0,0.9583430300209449,B.1.621-like,0.851900,0.074100,scorpio call: Alt alleles 23; Ref alleles 2; Amb alleles 2; Oth alleles 0; scorpio replaced lineage assignment B.1,v3.1.11,2021-08-09
hCoV-19/USA/FL-CDC-ASC210237173/2021|EPI_ISL_3848991|2021-07-30,B.1.621,0.0,0.9280753572283866,B.1.621-like,0.888900,0.037000,scorpio call: Alt alleles 24; Ref alleles 1; Amb alleles 2; Oth alleles 0,v3.1.11,2021-08-09
hCoV-19/USA/FL-CDC-ASC210237184/2021|EPI_ISL_3849009|2021-07-30,B.1.621,0.0,1.0,B.1.621-like,1.000000,0.000000,scorpio call: Alt alleles 27; Ref alleles 0; Amb alleles 0; Oth alleles 0,v3.1.11,2021-08-09
hCoV-19/USA/FL-CDC-ASC210202513/2021|EPI_ISL_3850345|2021-07-30,B.1.621,0.0,1.0,B.1.621-like,1.000000,0.000000,scorpio call: Alt alleles 27; Ref alleles 0; Amb alleles 0; Oth alleles 0,v3.1.11,2021-08-09
hCoV-19/USA/FL-CDC-ASC210204509/2021|EPI_ISL_3850601|2021-07-31,B.1.621,0.0,1.0,B.1.621-like,1.000000,0.000000,scorpio call: Alt alleles 27; Ref alleles 0; Amb alleles 0; Oth alleles 0,v3.1.11,2021-08-09
hCoV-19/USA/FL-CDC-ASC210249210/2021|EPI_ISL_3851336|2021-07-27,B.1.621,0.0,1.0,B.1.621-like,1.000000,0.000000,scorpio call: Alt alleles 27; Ref alleles 0; Amb alleles 0; Oth alleles 0,v3.1.11,2021-08-09
hCoV-19/USA/FL-CDC-ASC210249379/2021|EPI_ISL_3851401|2021-07-26,B.1.621,0.0,1.0,B.1.621-like,1.000000,0.000000,scorpio call: Alt alleles 27; Ref alleles 0; Amb alleles 0; Oth alleles 0,v3.1.11,2021-08-09
hCoV-19/USA/FL-CDC-ASC210249148/2021|EPI_ISL_3851605|2021-07-27,B.1.621,0.0,0.9925725860904794,B.1.621-like,1.000000,0.000000,scorpio call: Alt alleles 27; Ref alleles 0; Amb alleles 0; Oth alleles 0,v3.1.11,2021-08-09
hCoV-19/USA/FL-CDC-ASC210249158/2021|EPI_ISL_3851614|2021-07-27,B.1.621,0.0,1.0,B.1.621-like,1.000000,0.000000,scorpio call: Alt alleles 27; Ref alleles 0; Amb alleles 0; Oth alleles 0,v3.1.11,2021-08-09
hCoV-19/USA/FL-CDC-ASC210247163/2021|EPI_ISL_3851709|2021-07-27,B.1.621.1,0.0,1.0,B.1.621-like,1.000000,0.000000,scorpio call: Alt alleles 27; Ref alleles 0; Amb alleles 0; Oth alleles 0,v3.1.11,2021-08-09
hCoV-19/USA/FL-CDC-ASC210247037/2021|EPI_ISL_3851764|2021-07-26,B.1.621.1,0.0,1.0,B.1.621-like,0.963000,0.037000,scorpio call: Alt alleles 26; Ref alleles 1; Amb alleles 0; Oth alleles 0,v3.1.11,2021-08-09
hCoV-19/USA/FL-CDC-ASC210249078/2021|EPI_ISL_3851955|2021-07-27,B.1.621.1,0.0,1.0,B.1.621-like,1.000000,0.000000,scorpio call: Alt alleles 27; Ref alleles 0; Amb alleles 0; Oth alleles 0,v3.1.11,2021-08-09
hCoV-19/USA/FL-CDC-ASC210248720/2021|EPI_ISL_3852100|2021-07-27,B.1.621,0.0,1.0,B.1.621-like,1.000000,0.000000,scorpio call: Alt alleles 27; Ref alleles 0; Amb alleles 0; Oth alleles 0,v3.1.11,2021-08-09
hCoV-19/USA/FL-CDC-ASC210238079/2021|EPI_ISL_3853383|2021-08-03,B.1.621,0.0,1.0,B.1.621-like,1.000000,0.000000,scorpio call: Alt alleles 27; Ref alleles 0; Amb alleles 0; Oth alleles 0,v3.1.11,2021-08-09
hCoV-19/USA/FL-CDC-ASC210237951/2021|EPI_ISL_3855899|2021-08-01,B.1.621,0.0,0.9230460761118018,B.1.621-like,0.925900,0.037000,scorpio call: Alt alleles 25; Ref alleles 1; Amb alleles 1; Oth alleles 0,v3.1.11,2021-08-09
hCoV-19/USA/FL-CDC-ASC210272295/2021|EPI_ISL_3856139|2021-08-04,B.1.621,0.0,1.0,B.1.621-like,0.963000,0.000000,scorpio call: Alt alleles 26; Ref alleles 0; Amb alleles 0; Oth alleles 1,v3.1.11,2021-08-09
hCoV-19/USA/FL-CDC-ASC210273711/2021|EPI_ISL_3856445|2021-08-03,B.1.621.1,0.0,1.0,B.1.621-like,0.963000,0.000000,scorpio call: Alt alleles 26; Ref alleles 0; Amb alleles 0; Oth alleles 1,v3.1.11,2021-08-09
hCoV-19/USA/FL-CDC-ASC210269166/2021|EPI_ISL_3856732|2021-08-03,B.1.621,0.0,1.0,B.1.621-like,1.000000,0.000000,scorpio call: Alt alleles 27; Ref alleles 0; Amb alleles 0; Oth alleles 0,v3.1.11,2021-08-09
hCoV-19/USA/FL-CDC-ASC210274672/2021|EPI_ISL_3857090|2021-08-04,B.1.621,0.0,1.0,B.1.621-like,1.000000,0.000000,scorpio call: Alt alleles 27; Ref alleles 0; Amb alleles 0; Oth alleles 0,v3.1.11,2021-08-09
hCoV-19/USA/FL-CDC-ASC210268967/2021|EPI_ISL_3857187|2021-08-02,B.1.621,0.0,1.0,B.1.621-like,1.000000,0.000000,scorpio call: Alt alleles 27; Ref alleles 0; Amb alleles 0; Oth alleles 0,v3.1.11,2021-08-09
hCoV-19/USA/FL-CDC-ASC210271112/2021|EPI_ISL_3857415|2021-08-04,B.1.621,0.0,1.0,B.1.621-like,1.000000,0.000000,scorpio call: Alt alleles 27; Ref alleles 0; Amb alleles 0; Oth alleles 0,v3.1.11,2021-08-09
hCoV-19/USA/FL-CDC-ASC210185502/2021|EPI_ISL_3858999|2021-08-06,B.1.621,0.0,1.0,B.1.621-like,1.000000,0.000000,scorpio call: Alt alleles 27; Ref alleles 0; Amb alleles 0; Oth alleles 0,v3.1.11,2021-08-09
hCoV-19/USA/FL-CDC-ASC210116621/2021|EPI_ISL_3859083|2021-08-10,B.1.621,0.0,1.0,B.1.621-like,1.000000,0.000000,scorpio call: Alt alleles 27; Ref alleles 0; Amb alleles 0; Oth alleles 0,v3.1.11,2021-08-09
hCoV-19/USA/FL-CDC-ASC210185646/2021|EPI_ISL_3859957|2021-08-06,B.1.621,0.0,0.9990682419589281,B.1.621-like,1.000000,0.000000,scorpio call: Alt alleles 27; Ref alleles 0; Amb alleles 0; Oth alleles 0,v3.1.11,2021-08-09
hCoV-19/USA/FL-CDC-ASC210117163/2021|EPI_ISL_3860591|2021-08-08,B.1.621,0.0,1.0,B.1.621-like,1.000000,0.000000,scorpio call: Alt alleles 27; Ref alleles 0; Amb alleles 0; Oth alleles 0,v3.1.11,2021-08-09
hCoV-19/USA/FL-CDC-ASC210239784/2021|EPI_ISL_3861745|2021-08-07,B.1.621,0.0,1.0,B.1.621-like,1.000000,0.000000,scorpio call: Alt alleles 27; Ref alleles 0; Amb alleles 0; Oth alleles 0,v3.1.11,2021-08-09
hCoV-19/USA/FL-CDC-ASC210117284/2021|EPI_ISL_3862602|2021-08-09,B.1.621,0.0,1.0,B.1.621-like,1.000000,0.000000,scorpio call: Alt alleles 27; Ref alleles 0; Amb alleles 0; Oth alleles 0,v3.1.11,2021-08-09
hCoV-19/USA/FL-CDC-ASC210186660/2021|EPI_ISL_3863204|2021-08-10,B.1.621.1,0.0,0.9969373272577874,B.1.621-like,0.963000,0.000000,scorpio call: Alt alleles 26; Ref alleles 0; Amb alleles 0; Oth alleles 1,v3.1.11,2021-08-09
hCoV-19/USA/FL-CDC-ASC210187790/2021|EPI_ISL_3863412|2021-08-06,B.1.621,0.0,1.0,B.1.621-like,1.000000,0.000000,scorpio call: Alt alleles 27; Ref alleles 0; Amb alleles 0; Oth alleles 0,v3.1.11,2021-08-09
hCoV-19/USA/FL-CDC-ASC210277621/2021|EPI_ISL_4056997|2021-08-05,B.1.621,0.0,0.9997020262216925,B.1.621-like,1.000000,0.000000,scorpio call: Alt alleles 27; Ref alleles 0; Amb alleles 0; Oth alleles 0,v3.1.11,2021-08-09
hCoV-19/USA/FL-CDC-ASC210184559/2021|EPI_ISL_4059180|2021-08-06,B.1.621,0.0,1.0,B.1.621-like,1.000000,0.000000,scorpio call: Alt alleles 27; Ref alleles 0; Amb alleles 0; Oth alleles 0,v3.1.11,2021-08-09
hCoV-19/USA/FL-CDC-ASC210272822/2021|EPI_ISL_4138436|2021-08-01,B.1.621,0.0,0.9996275050286821,B.1.621-like,1.000000,0.000000,scorpio call: Alt alleles 27; Ref alleles 0; Amb alleles 0; Oth alleles 0,v3.1.11,2021-08-09
hCoV-19/USA/FL-CDC-ASC210274174/2021|EPI_ISL_4138911|2021-08-04,B.1.621,0.0,1.0,B.1.621-like,0.963000,0.037000,scorpio call: Alt alleles 26; Ref alleles 1; Amb alleles 0; Oth alleles 0,v3.1.11,2021-08-09
hCoV-19/USA/FL-CDC-ASC210077468/2021|EPI_ISL_4140672|2021-08-10,B.1.621,0.0,0.977615349474646,B.1.621-like,1.000000,0.000000,scorpio call: Alt alleles 27; Ref alleles 0; Amb alleles 0; Oth alleles 0,v3.1.11,2021-08-09
hCoV-19/USA/FL-CDC-ASC210077469/2021|EPI_ISL_4140673|2021-08-10,B.1.621,0.0,1.0,B.1.621-like,1.000000,0.000000,scorpio call: Alt alleles 27; Ref alleles 0; Amb alleles 0; Oth alleles 0,v3.1.11,2021-08-09
hCoV-19/USA/FL-CDC-ASC210118424/2021|EPI_ISL_4140905|2021-08-17,B.1.621.1,0.0,1.0,B.1.621-like,0.963000,0.000000,scorpio call: Alt alleles 26; Ref alleles 0; Amb alleles 0; Oth alleles 1,v3.1.11,2021-08-09
hCoV-19/USA/FL-CDC-LC0193767/2021|EPI_ISL_4148552|2021-08-17,B.1.621.1,0.0,1.0,B.1.621-like,1.000000,0.000000,scorpio call: Alt alleles 27; Ref alleles 0; Amb alleles 0; Oth alleles 0,v3.1.11,2021-08-09
hCoV-19/USA/FL-CDC-LC0194711/2021|EPI_ISL_4149121|2021-08-16,B.1.621,0.0,1.0,B.1.621-like,1.000000,0.000000,scorpio call: Alt alleles 27; Ref alleles 0; Amb alleles 0; Oth alleles 0,v3.1.11,2021-08-09
hCoV-19/USA/FL-CDC-LC0122590/2021|EPI_ISL_4154867|2021-07-21,B.1.621,0.0,0.9964125560538116,B.1.621-like,1.000000,0.000000,scorpio call: Alt alleles 27; Ref alleles 0; Amb alleles 0; Oth alleles 0,v3.1.11,2021-08-09
hCoV-19/USA/FL-CDC-LC0129769/2021|EPI_ISL_4157231|2021-07-21,B.1.621,0.0,1.0,B.1.621-like,1.000000,0.000000,scorpio call: Alt alleles 27; Ref alleles 0; Amb alleles 0; Oth alleles 0,v3.1.11,2021-08-09
hCoV-19/USA/FL-CDC-LC0230768/2021|EPI_ISL_4173895|2021-08-24,B.1.621,0.0,1.0,B.1.621-like,0.963000,0.037000,scorpio call: Alt alleles 26; Ref alleles 1; Amb alleles 0; Oth alleles 0,v3.1.11,2021-08-09
hCoV-19/USA/FL-CDC-ASC210160199/2021|EPI_ISL_4185885|2021-07-19,B.1.621,0.0,1.0,B.1.621-like,1.000000,0.000000,scorpio call: Alt alleles 27; Ref alleles 0; Amb alleles 0; Oth alleles 0,v3.1.11,2021-08-09
hCoV-19/USA/FL-CDC-ASC210160220/2021|EPI_ISL_4185900|2021-07-19,B.1.621,0.0,1.0,B.1.621-like,1.000000,0.000000,scorpio call: Alt alleles 27; Ref alleles 0; Amb alleles 0; Oth alleles 0,v3.1.11,2021-08-09
hCoV-19/USA/FL-CDC-ASC210159270/2021|EPI_ISL_4185949|2021-07-17,B.1.621,0.0,0.9631688672689368,B.1.621-like,1.000000,0.000000,scorpio call: Alt alleles 27; Ref alleles 0; Amb alleles 0; Oth alleles 0,v3.1.11,2021-08-09
hCoV-19/USA/FL-CDC-ASC210160001/2021|EPI_ISL_4185963|2021-07-19,B.1.621,0.0,1.0,B.1.621-like,1.000000,0.000000,scorpio call: Alt alleles 27; Ref alleles 0; Amb alleles 0; Oth alleles 0,v3.1.11,2021-08-09
hCoV-19/USA/FL-CDC-ASC210161176/2021|EPI_ISL_4185980|2021-07-20,B.1.621,0.0,0.9692968989867977,B.1.621-like,0.963000,0.037000,scorpio call: Alt alleles 26; Ref alleles 1; Amb alleles 0; Oth alleles 0,v3.1.11,2021-08-09
hCoV-19/USA/FL-CDC-ASC210161727/2021|EPI_ISL_4186003|2021-07-20,B.1.621,0.0,1.0,B.1.621-like,1.000000,0.000000,scorpio call: Alt alleles 27; Ref alleles 0; Amb alleles 0; Oth alleles 0,v3.1.11,2021-08-09
hCoV-19/USA/FL-CDC-ASC210158956/2021|EPI_ISL_4186041|2021-07-18,B.1.621,0.0,1.0,B.1.621-like,1.000000,0.000000,scorpio call: Alt alleles 27; Ref alleles 0; Amb alleles 0; Oth alleles 0,v3.1.11,2021-08-09
hCoV-19/USA/FL-CDC-ASC210161381/2021|EPI_ISL_4186071|2021-07-20,B.1.621,0.0,1.0,B.1.621-like,1.000000,0.000000,scorpio call: Alt alleles 27; Ref alleles 0; Amb alleles 0; Oth alleles 0,v3.1.11,2021-08-09
hCoV-19/USA/FL-CDC-ASC210161460/2021|EPI_ISL_4186095|2021-07-20,B.1.621,0.0,1.0,B.1.621-like,1.000000,0.000000,scorpio call: Alt alleles 27; Ref alleles 0; Amb alleles 0; Oth alleles 0,v3.1.11,2021-08-09
hCoV-19/USA/FL-CDC-ASC210244133/2021|EPI_ISL_4186126|2021-07-20,B.1.621,0.0,1.0,B.1.621-like,1.000000,0.000000,scorpio call: Alt alleles 27; Ref alleles 0; Amb alleles 0; Oth alleles 0,v3.1.11,2021-08-09
hCoV-19/USA/FL-CDC-ASC210244134/2021|EPI_ISL_4186127|2021-07-24,B.1.621,0.0,1.0,B.1.621-like,1.000000,0.000000,scorpio call: Alt alleles 27; Ref alleles 0; Amb alleles 0; Oth alleles 0,v3.1.11,2021-08-09
hCoV-19/USA/FL-CDC-ASC210244135/2021|EPI_ISL_4186128|2021-07-24,B.1.621,0.0,1.0,B.1.621-like,1.000000,0.000000,scorpio call: Alt alleles 27; Ref alleles 0; Amb alleles 0; Oth alleles 0,v3.1.11,2021-08-09
hCoV-19/USA/FL-CDC-ASC210247247/2021|EPI_ISL_4186174|2021-07-26,B.1.621.1,0.0,1.0,B.1.621-like,1.000000,0.000000,scorpio call: Alt alleles 27; Ref alleles 0; Amb alleles 0; Oth alleles 0,v3.1.11,2021-08-09
hCoV-19/USA/FL-CDC-ASC210247492/2021|EPI_ISL_4186191|2021-07-26,B.1.621,0.0,1.0,B.1.621-like,1.000000,0.000000,scorpio call: Alt alleles 27; Ref alleles 0; Amb alleles 0; Oth alleles 0,v3.1.11,2021-08-09
hCoV-19/USA/FL-CDC-ASC210247503/2021|EPI_ISL_4186192|2021-07-26,B.1.621,0.0,0.9975363941769317,B.1.621-like,1.000000,0.000000,scorpio call: Alt alleles 27; Ref alleles 0; Amb alleles 0; Oth alleles 0,v3.1.11,2021-08-09
hCoV-19/USA/FL-CDC-ASC210247844/2021|EPI_ISL_4186199|2021-07-25,B.1.621.1,0.0,0.9910965851459483,B.1.621-like,0.925900,0.037000,scorpio call: Alt alleles 25; Ref alleles 1; Amb alleles 1; Oth alleles 0,v3.1.11,2021-08-09
hCoV-19/USA/FL-CDC-ASC210247359/2021|EPI_ISL_4186203|2021-07-26,B.1.621.1,0.0,1.0,B.1.621-like,1.000000,0.000000,scorpio call: Alt alleles 27; Ref alleles 0; Amb alleles 0; Oth alleles 0,v3.1.11,2021-08-09
hCoV-19/USA/FL-CDC-ASC210245782/2021|EPI_ISL_4186265|2021-07-24,B.1.621,0.0,1.0,B.1.621-like,1.000000,0.000000,scorpio call: Alt alleles 27; Ref alleles 0; Amb alleles 0; Oth alleles 0,v3.1.11,2021-08-09
hCoV-19/USA/FL-CDC-ASC210156110/2021|EPI_ISL_4186286|2021-07-14,B.1.621,0.0,1.0,B.1.621-like,1.000000,0.000000,scorpio call: Alt alleles 27; Ref alleles 0; Amb alleles 0; Oth alleles 0,v3.1.11,2021-08-09
hCoV-19/USA/FL-CDC-ASC210246635/2021|EPI_ISL_4186389|2021-07-26,B.1.621,0.0,0.9983589437565269,B.1.621-like,0.963000,0.000000,scorpio call: Alt alleles 26; Ref alleles 0; Amb alleles 1; Oth alleles 0,v3.1.11,2021-08-09
hCoV-19/USA/FL-CDC-ASC210245586/2021|EPI_ISL_4186439|2021-07-25,B.1.621,0.0,1.0,B.1.621-like,1.000000,0.000000,scorpio call: Alt alleles 27; Ref alleles 0; Amb alleles 0; Oth alleles 0,v3.1.11,2021-08-09
hCoV-19/USA/FL-CDC-ASC210245587/2021|EPI_ISL_4186440|2021-07-25,B.1.621,0.0,1.0,B.1.621-like,1.000000,0.000000,scorpio call: Alt alleles 27; Ref alleles 0; Amb alleles 0; Oth alleles 0,v3.1.11,2021-08-09
hCoV-19/USA/FL-CDC-ASC210242544/2021|EPI_ISL_4186467|2021-07-22,B.1.621,0.0,1.0,B.1.621-like,0.963000,0.037000,scorpio call: Alt alleles 26; Ref alleles 1; Amb alleles 0; Oth alleles 0,v3.1.11,2021-08-09
hCoV-19/USA/FL-CDC-ASC210242547/2021|EPI_ISL_4186468|2021-07-22,B.1.621,0.0,1.0,B.1.621-like,0.963000,0.037000,scorpio call: Alt alleles 26; Ref alleles 1; Amb alleles 0; Oth alleles 0,v3.1.11,2021-08-09
hCoV-19/USA/FL-CDC-ASC210242796/2021|EPI_ISL_4186477|2021-07-23,B.1.621,0.0,0.9920810658660162,B.1.621-like,0.963000,0.037000,scorpio call: Alt alleles 26; Ref alleles 1; Amb alleles 0; Oth alleles 0,v3.1.11,2021-08-09
hCoV-19/USA/FL-CDC-ASC210242779/2021|EPI_ISL_4186520|2021-07-23,B.1.621,0.0,1.0,B.1.621-like,0.963000,0.037000,scorpio call: Alt alleles 26; Ref alleles 1; Amb alleles 0; Oth alleles 0,v3.1.11,2021-08-09
hCoV-19/USA/FL-CDC-ASC210240293/2021|EPI_ISL_4186533|2021-07-22,B.1.621,0.0,0.9453345900094251,B.1.621-like,0.963000,0.037000,scorpio call: Alt alleles 26; Ref alleles 1; Amb alleles 0; Oth alleles 0,v3.1.11,2021-08-09
hCoV-19/USA/FL-CDC-ASC210162535/2021|EPI_ISL_4186554|2021-07-21,B.1.621.1,0.0,1.0,B.1.621-like,0.963000,0.037000,scorpio call: Alt alleles 26; Ref alleles 1; Amb alleles 0; Oth alleles 0,v3.1.11,2021-08-09
hCoV-19/USA/FL-CDC-ASC210162538/2021|EPI_ISL_4186556|2021-07-21,B.1.621.1,0.0,0.9879790481214907,B.1.621-like,1.000000,0.000000,scorpio call: Alt alleles 27; Ref alleles 0; Amb alleles 0; Oth alleles 0,v3.1.11,2021-08-09
hCoV-19/USA/FL-CDC-ASC210162540/2021|EPI_ISL_4186557|2021-07-21,B.1.621.1,0.0,0.9935541897766452,B.1.621-like,1.000000,0.000000,scorpio call: Alt alleles 27; Ref alleles 0; Amb alleles 0; Oth alleles 0,v3.1.11,2021-08-09
hCoV-19/USA/FL-CDC-ASC210112977/2021|EPI_ISL_4186562|2021-07-10,B.1.621,0.0,0.9991428464949875,B.1.621-like,1.000000,0.000000,scorpio call: Alt alleles 27; Ref alleles 0; Amb alleles 0; Oth alleles 0,v3.1.11,2021-08-09
hCoV-19/USA/FL-CDC-ASC210113641/2021|EPI_ISL_4186566|2021-07-10,B.1.621,0.0,1.0,B.1.621-like,0.925900,0.074100,scorpio call: Alt alleles 25; Ref alleles 2; Amb alleles 0; Oth alleles 0,v3.1.11,2021-08-09
hCoV-19/USA/FL-CDC-ASC210113655/2021|EPI_ISL_4186567|2021-07-10,B.1.621,0.0,1.0,B.1.621-like,1.000000,0.000000,scorpio call: Alt alleles 27; Ref alleles 0; Amb alleles 0; Oth alleles 0,v3.1.11,2021-08-09
hCoV-19/USA/FL-CDC-ASC210243040/2021|EPI_ISL_4186594|2021-07-23,B.1.621,0.0,1.0,B.1.621-like,1.000000,0.000000,scorpio call: Alt alleles 27; Ref alleles 0; Amb alleles 0; Oth alleles 0,v3.1.11,2021-08-09
hCoV-19/USA/FL-CDC-ASC210243076/2021|EPI_ISL_4186602|2021-07-23,B.1.621,0.0,0.9942703067071116,B.1.621-like,1.000000,0.000000,scorpio call: Alt alleles 27; Ref alleles 0; Amb alleles 0; Oth alleles 0,v3.1.11,2021-08-09
hCoV-19/USA/FL-CDC-ASC210243113/2021|EPI_ISL_4186607|2021-07-23,B.1.621,0.0,1.0,B.1.621-like,0.963000,0.037000,scorpio call: Alt alleles 26; Ref alleles 1; Amb alleles 0; Oth alleles 0,v3.1.11,2021-08-09
hCoV-19/USA/FL-CDC-ASC210243146/2021|EPI_ISL_4186613|2021-07-22,B.1.621.1,0.0,0.9838819523269012,B.1.621-like,1.000000,0.000000,scorpio call: Alt alleles 27; Ref alleles 0; Amb alleles 0; Oth alleles 0,v3.1.11,2021-08-09
hCoV-19/USA/FL-CDC-ASC210244826/2021|EPI_ISL_4186714|2021-07-25,B.1.621,0.0,1.0,B.1.621-like,0.963000,0.037000,scorpio call: Alt alleles 26; Ref alleles 1; Amb alleles 0; Oth alleles 0,v3.1.11,2021-08-09
hCoV-19/USA/FL-CDC-ASC210244851/2021|EPI_ISL_4186720|2021-07-25,B.1.621.1,0.0,1.0,B.1.621-like,0.963000,0.000000,scorpio call: Alt alleles 26; Ref alleles 0; Amb alleles 0; Oth alleles 1,v3.1.11,2021-08-09
hCoV-19/USA/FL-CDC-ASC210244421/2021|EPI_ISL_4186757|2021-07-24,B.1.621.1,0.0,0.9788981407551044,B.1.621-like,1.000000,0.000000,scorpio call: Alt alleles 27; Ref alleles 0; Amb alleles 0; Oth alleles 0,v3.1.11,2021-08-09
hCoV-19/USA/FL-CDC-ASC210244600/2021|EPI_ISL_4186807|2021-07-24,B.1.621,0.0,1.0,B.1.621-like,1.000000,0.000000,scorpio call: Alt alleles 27; Ref alleles 0; Amb alleles 0; Oth alleles 0,v3.1.11,2021-08-09
hCoV-19/USA/FL-CDC-QDX26718941/2021|EPI_ISL_4196485|2021-07-11,B.1.621.1,0.0,1.0,B.1.621-like,1.000000,0.000000,scorpio call: Alt alleles 27; Ref alleles 0; Amb alleles 0; Oth alleles 0,v3.1.11,2021-08-09
hCoV-19/USA/FL-CDC-QDX26765141/2021|EPI_ISL_4196499|2021-07-12,B.1.621,0.0,1.0,B.1.621-like,1.000000,0.000000,scorpio call: Alt alleles 27; Ref alleles 0; Amb alleles 0; Oth alleles 0,v3.1.11,2021-08-09
hCoV-19/USA/FL-CDC-QDX26765138/2021|EPI_ISL_4196513|2021-07-12,B.1.621,0.0,1.0,B.1.621-like,1.000000,0.000000,scorpio call: Alt alleles 27; Ref alleles 0; Amb alleles 0; Oth alleles 0,v3.1.11,2021-08-09
hCoV-19/USA/FL-CDC-QDX26718940/2021|EPI_ISL_4196528|2021-07-11,B.1.621,0.0,1.0,B.1.621-like,1.000000,0.000000,scorpio call: Alt alleles 27; Ref alleles 0; Amb alleles 0; Oth alleles 0,v3.1.11,2021-08-09
hCoV-19/USA/FL-CDC-QDX26765102/2021|EPI_ISL_4196531|2021-07-12,B.1.621,0.0,1.0,B.1.621-like,0.888900,0.111100,scorpio call: Alt alleles 24; Ref alleles 3; Amb alleles 0; Oth alleles 0; scorpio replaced lineage assignment AY.12,v3.1.11,2021-08-09
hCoV-19/USA/FL-CDC-QDX26718798/2021|EPI_ISL_4196542|2021-07-11,B.1.621,0.0,1.0,B.1.621-like,1.000000,0.000000,scorpio call: Alt alleles 27; Ref alleles 0; Amb alleles 0; Oth alleles 0,v3.1.11,2021-08-09
hCoV-19/USA/FL-CDC-QDX26765089/2021|EPI_ISL_4196545|2021-07-11,B.1.621,0.0,1.0,B.1.621-like,1.000000,0.000000,scorpio call: Alt alleles 27; Ref alleles 0; Amb alleles 0; Oth alleles 0,v3.1.11,2021-08-09
hCoV-19/USA/FL-CDC-QDX26765140/2021|EPI_ISL_4196558|2021-07-12,B.1.621.1,0.0,1.0,B.1.621-like,1.000000,0.000000,scorpio call: Alt alleles 27; Ref alleles 0; Amb alleles 0; Oth alleles 0,v3.1.11,2021-08-09
hCoV-19/USA/FL-CDC-QDX26765113/2021|EPI_ISL_4196582|2021-07-12,B.1.621,0.0,1.0,B.1.621-like,1.000000,0.000000,scorpio call: Alt alleles 27; Ref alleles 0; Amb alleles 0; Oth alleles 0,v3.1.11,2021-08-09
hCoV-19/USA/FL-CDC-QDX26765431/2021|EPI_ISL_4196587|2021-07-12,B.1.621,0.0,1.0,B.1.621-like,1.000000,0.000000,scorpio call: Alt alleles 27; Ref alleles 0; Amb alleles 0; Oth alleles 0,v3.1.11,2021-08-09
hCoV-19/USA/FL-CDC-QDX26718817/2021|EPI_ISL_4196598|2021-07-11,B.1.621,0.0,1.0,B.1.621-like,1.000000,0.000000,scorpio call: Alt alleles 27; Ref alleles 0; Amb alleles 0; Oth alleles 0,v3.1.11,2021-08-09
hCoV-19/USA/FL-IVY-ZZX9LC4S/2021|EPI_ISL_4221808|2021-07-26,B.1.621.1,0.0,1.0,B.1.621-like,1.000000,0.000000,scorpio call: Alt alleles 27; Ref alleles 0; Amb alleles 0; Oth alleles 0,v3.1.11,2021-08-09